name,age,street,city,state,zip,lng,lat
Donald Cummings,59,71319 Conley Cliffs,Brandytown,Vermont,55813,-84.697431,1.639436
Lisa Wilson,61,833 Marsh Cape Apt. 540,Port Jesseville,Louisiana,28775,104.527653,-16.5092255
Charles Velez,76,5048 Smith Circle Apt. 310,West Bradleyside,South Dakota,14883,70.651723,-31.3950755
Brian Miller,23,2312 Stanley Valleys,Briggston,Hawaii,89867,-107.969956,28.465276
Sara Fox,47,7675 Watson Pines Apt. 751,Mcclurestad,Illinois,41143,141.840799,74.731905
Jerry Hughes,18,82433 Medina Lakes,North Susanton,Virginia,68984,31.266808,-15.995181
Matthew Walls,67,91680 Le Orchard Apt. 160,Angelatown,Iowa,92406,-164.948531,19.029386
Thomas Hudson,55,168 Michael Harbor Suite 143,North Paulton,Virginia,16690,160.972409,-46.779092
Amanda Diaz,80,727 Trevino Well Suite 694,East Steven,Arkansas,79095,-68.307770,-36.2617995
Janet Harrell,77,61763 Turner Cliffs Apt. 486,Marcusshire,South Dakota,70575,30.221284,-60.0659885
William Navarro,61,465 Curtis Route Suite 811,Lake Carolineton,Ohio,27730,-117.854370,-66.2683755
Elizabeth Fisher,59,367 Harris Mission Apt. 579,Riosfurt,Pennsylvania,13399,-131.337925,-14.041080
Benjamin Brown,21,198 Duke Mount Suite 067,New Joseph,Minnesota,62795,54.091103,85.202004
Brendan Mitchell,37,20105 Adam Forges,Port Dorothy,Wisconsin,67802,-127.384425,15.259115
Ian Decker Jr.,24,2042 Coleman Neck,Fosterstad,Kansas,79461,-138.297615,-15.255528
Robert Williams,19,15070 Grimes Branch,Perezton,Pennsylvania,51905,97.325556,-18.315067
Samuel Rogers,40,175 Jeffrey Lock,Lake Charlesfort,Florida,01120,106.393385,-52.800423
Stephanie Mckinney,25,7224 Hunt Islands,Ramirezton,Minnesota,54084,51.443973,-66.159383
Cassandra Nash,69,77655 Jeremy Coves,Salazarview,Arizona,91973,46.204494,33.9047245
Tammy Rowe,55,59597 Jason Burg,North Danielleshire,Alaska,63471,-62.699381,-63.950743
Theresa Morris,80,39276 Espinoza Village Apt. 863,Lake Vanessa,Delaware,30725,-22.411714,-57.954500
Kendra Vang,41,4822 Parker Islands,West Jennifershire,Louisiana,61659,60.011355,32.4807625
Bill Ruiz,32,827 Megan Pass,Wilsonburgh,South Dakota,63036,-109.986253,84.0281345
Billy Garcia,74,829 Vazquez Union,South Robertville,Washington,23589,176.305871,-51.6139035
Dr. Steven Stanley,64,309 Schmidt Hills Suite 905,Juliabury,Indiana,27381,-19.459631,-82.352741
James Perez,58,92507 Victoria Forest Apt. 280,South Thomasview,Alaska,60537,-112.768761,-60.9893385
Thomas Doyle,40,20499 Willis Throughway Apt. 606,Nicoleton,Minnesota,90013,-153.177190,-83.528394
Kimberly Graves,64,02173 Taylor Brooks Suite 161,Port Carla,Pennsylvania,31556,-29.273084,-81.410981
Derek Marquez,54,63509 Jason Fords,Ryanbury,Wyoming,89315,-102.242533,86.818697
Jacob Mccoy,31,5659 Arnold Freeway Apt. 362,North Toddberg,Montana,99195,-12.548441,5.3666365
Erika Gillespie,66,33273 Johnson Inlet Apt. 458,Lake Margaret,Arizona,04728,-111.254140,57.078817
Mary Espinoza,21,6906 Wendy Gateway,Blackwellfurt,North Dakota,92480,-126.361096,15.4654005
Chelsea Hill,31,363 Mcdowell Club Apt. 289,East Michelleton,Utah,44810,-38.352063,-75.033421
Luis Martin,44,895 Anthony Wall Suite 456,New Melinda,Nevada,23484,63.084721,89.728913
Gina Dalton,31,7763 Brian Island,Adammouth,Oregon,04276,-101.733696,-9.4506455
Kelly Faulkner,51,19410 Cunningham Key,Lorraineburgh,New York,49186,139.827854,-44.774420
Paul Brooks,37,736 Troy Fork,West Keith,Kansas,41975,101.128775,80.733136
John Turner,70,94734 Ruiz Brook,Sethshire,Kansas,30793,-28.029170,54.0584225
Shawn Mcgee,35,13081 Brewer Causeway Suite 726,New Glennburgh,Mississippi,09832,-85.826573,-22.047199
Frank Smith,48,304 Jenkins Squares,Port Jamesside,Ohio,84807,57.134702,6.7308325
David Davis,46,68476 Autumn Point Suite 621,Lake Natashaburgh,Florida,59763,-141.824286,-78.367890
Christopher Murphy,75,67985 William Falls,South Ashlee,Utah,87341,170.417384,-80.8214195
Edward Olson,72,28215 Cook Rapid,West Matthewview,Hawaii,28396,-143.652402,-55.233530
Carlos Jennings,28,9266 Myers Hills Apt. 553,Port Mark,Ohio,14785,-178.048686,-70.179528
Krista Henry MD,39,7148 Mendez Trail Apt. 254,New Franciscoview,Vermont,58784,-67.963742,-84.7971475
Brittany Carter DDS,40,34892 Andrew Ferry Suite 528,West Mariofurt,Mississippi,02715,-125.285245,86.3343655
Jerry Jenkins Jr.,24,5243 Debra Keys Apt. 231,Brittanytown,Idaho,27166,168.758775,-27.3315405
John Martinez,44,334 Shaun Street,Port Joshua,Pennsylvania,12219,-44.838289,-53.703355
Elizabeth Carrillo,78,936 Sandoval Inlet Suite 630,South Tamara,Washington,74599,-57.123481,-32.153916
Mary Jones,64,7047 Johnson Walk Apt. 192,Wattsland,Wisconsin,48743,134.159127,51.725020
David Payne,33,7201 Smith Walk,Tammymouth,New Hampshire,55873,-177.545519,-31.2787365
Christina Gordon,60,1999 Hunt Meadows,Paulburgh,Indiana,48765,-69.627684,4.6813595
Paula Perez,64,47430 Singleton Lodge Apt. 799,Jonathanbury,Nevada,95546,43.843807,-51.507709
Donald Wilkins,51,88564 Isaiah Mountain,New Justinstad,Oklahoma,43741,103.243845,28.111310
Mark Price,62,6028 Eric Drive,Andersonborough,Alaska,22562,107.504106,89.748896
Franklin Allison,53,810 Johnson Crescent Suite 397,Wallmouth,Missouri,14091,-69.825694,-2.2101515
Andrea Hudson,47,9194 White Estate,South Michele,Delaware,53199,162.363751,-9.243920
Angela Gregory,27,2385 Aguilar Loop Suite 283,Karenmouth,California,17466,-137.581140,7.5814915
Paula Anderson,41,304 Griffin Square Apt. 173,North Kenneth,New York,63447,-54.071080,-56.5136355
Katie Sanchez,34,7385 Roberts Tunnel Suite 146,Masseyberg,North Carolina,76563,2.726184,-10.9070965
Dawn Dean,43,80337 Henderson Plains,East Brenda,North Dakota,46342,-164.154250,-20.9534285
Kimberly Ruiz,77,3887 Catherine Parks,Stephensonfurt,North Carolina,71565,-154.556482,-31.254679
Dennis Wagner,61,7732 Amber Crossroad,Justinville,Oklahoma,33373,178.677087,-60.629267
Michelle Todd,50,32330 Mullins Circles,Lake Leonard,Maryland,86677,51.200885,39.471859
Helen Hammond,32,41225 Roger Plaza,Adamland,Arizona,81960,153.120524,6.443266
Kimberly Brown,45,5517 Sanford Isle,Williamstad,Iowa,41489,-153.470750,42.075205
Robert Olson,39,181 Camacho Turnpike Apt. 161,South Kayla,Rhode Island,39449,-98.702473,61.5664745
Connie Griffin,41,8573 Jennifer Villages Apt. 793,Alexanderchester,Indiana,81575,-90.154060,4.734968
Kevin Mason,65,237 Johnson Path Suite 160,South Jamieborough,South Dakota,43566,-86.458324,-77.4377095
Karla Baker,41,56595 Donald Parkway Suite 126,Port Robertchester,Colorado,67204,-31.589421,-44.2277765
Christopher Morris,57,99196 Angela Camp Suite 032,West Steven,Vermont,08235,-92.554655,-17.858208
Eric Fitzgerald,37,01997 King Glen Apt. 127,East Christopher,New Jersey,50803,-158.971356,64.530172
Daniel Ortiz,57,93596 Eric Estate,South Josemouth,Illinois,04156,168.906859,-2.0815435
Ralph Brown,22,1385 Michael Corner,East Jacob,Maine,31001,77.725382,-76.981265
Peter Greene,66,1351 Jeffery Coves,New Caseyfort,New Jersey,73285,167.464368,15.255762
Jeremy Garrison,72,16752 Whitney Branch Apt. 429,Heidimouth,Pennsylvania,56082,67.578906,64.551344
Sherri Berry,56,94824 Andrew Courts Suite 846,New Patricia,Ohio,40567,40.791509,-66.821326
Mike Brock,62,4600 Rose Branch Apt. 340,Andrewsfort,California,12365,-142.576022,24.946565
Marissa Diaz,55,21937 Alexander Route,Torresfurt,Louisiana,35135,-0.171035,26.338108
Deborah Conley,46,619 Lewis Corner Apt. 910,Williamsville,Vermont,47417,92.480848,5.945632
Lucas Perez,36,70279 Lee Corners Apt. 666,Weissstad,Oklahoma,09199,23.899350,17.468636
Brandon Meyer,61,90632 Reid Street,Port Davidtown,Nebraska,57771,-154.479078,39.169226
Seth Hardy,53,756 Kim Prairie,Port Stacey,Oklahoma,39221,-179.949033,45.1193155
Carol Woods,20,127 Diaz Spur Apt. 670,Reynoldschester,South Dakota,32007,42.700027,74.3147135
Phillip Lopez,69,5868 White Circle Suite 342,Smithhaven,Pennsylvania,38716,-139.883453,-47.291647
Rachel Perez,26,45036 Caroline Trace Suite 655,Lake Brooke,Missouri,15507,-24.794981,-40.1562365
Keith Branch,66,38694 Aguilar Trail,Carterborough,Montana,24895,-42.767838,-24.343781
Dr. Pamela Young DVM,73,38697 Smith Ports,West Markville,Georgia,96153,44.684164,57.666225
Kelsey Zimmerman,56,03298 David Camp Apt. 423,Jamesshire,Florida,80053,61.713406,-10.350547
Melissa Michael,63,3451 Diaz Ranch,Floresport,Idaho,80431,-117.649894,-0.3673045
Kristin Hall,56,12640 Hayes Brook,South Erik,Maine,13549,125.088254,-11.515853
Christopher Golden,25,44687 Floyd Path,East Janicefurt,Louisiana,45226,16.722800,-33.213407
Joseph Moore,32,0013 Mercer Rapid Suite 541,East Jamieside,Oregon,08218,168.731023,80.6529945
Lori Reynolds,46,1587 Phillips Station Apt. 912,South Robertstad,New Mexico,95509,173.422917,28.525603
Jamie Landry,51,089 Kristin Key,New Tiffanyborough,Arizona,09920,-54.728897,33.159249
Crystal Mccarthy,67,1889 John Alley,South Brianshire,Rhode Island,18443,90.192941,66.780993
Thomas Spears,77,70754 Elizabeth Road Suite 595,Lake Holly,Colorado,80187,34.442448,-72.5300555
Rodney Garcia,26,1668 Lang Meadows,Johnsonberg,Hawaii,31917,56.491465,-87.176050
Sharon Blanchard,79,435 Woods Square,Garymouth,Missouri,22748,-167.967436,79.1860415
Mark Rosario,77,0767 Ian Shoal,Josephville,Minnesota,07131,-85.783715,-60.9309135
James Wilkerson DDS,65,936 Williams Valleys,Lake Jamiefort,Minnesota,22634,-162.404589,-5.140044
Raymond Christensen,27,25360 Mercado Meadows Suite 521,Davidbury,Washington,80323,-94.129944,83.0189565
Holly Odom,40,5427 Roberts Cliff Apt. 195,North Austinchester,Oregon,16385,37.953521,41.0486675
Robert Hill,41,3341 Sandra Rapid,Nicoleview,Wyoming,43936,-20.849987,28.4836925
Jessica Robinson,72,741 May Row Suite 132,Alexfurt,Florida,52667,154.803303,72.6931805
Alexis Christensen,19,4155 Mcbride Meadow,South Jeremy,Nebraska,80781,145.729066,36.329669
Eric Heath,27,287 Jill Ridge,North Traceyburgh,Hawaii,91674,103.047629,74.796371
Matthew Garcia,74,175 Mark Crossing Apt. 303,North Perryshire,Louisiana,80830,123.507378,-79.925745
James Friedman,48,4663 Amy Villages Apt. 146,Lake Jason,Kansas,29201,156.006932,-47.5807995
James Wells,79,108 Wilson Light Apt. 547,Mariaview,Kansas,26646,-166.774533,25.989418
Lindsay Rios,75,820 Cunningham Ways Apt. 205,West Angelamouth,Ohio,22390,8.491153,-63.6516975
Stephanie Avila,67,64417 Adams Streets Apt. 581,Lake Kelseybury,Georgia,32651,-76.280035,-36.503392
Ashley Thomas,62,60230 Michael Island Suite 399,Williamsfurt,Ohio,26719,-156.442103,-44.1263545
Michael Sanchez,19,6549 Martin Passage,South Tara,Wyoming,46168,-122.332592,-58.9115575
James Anderson MD,59,39483 Grant Views Suite 792,South Michaelside,New Mexico,68361,22.793622,-84.333025
Kevin Price,20,3783 Vickie Ville,Port Juliafurt,Maine,67590,31.369744,6.645210
Mark Nunez,67,6790 Randy Fords,East Rhonda,New Hampshire,91316,0.069204,35.1426295
Kelly Hahn,19,0291 Paul Rue,Dixonville,Missouri,22776,95.713206,67.550219
Marc Thompson,50,62510 Gallagher Via,New Michael,New York,27758,-100.777865,18.1125165
Alan Sanders,40,443 Samantha Squares,Lunamouth,Maine,55318,171.848093,23.451456
Martha Nichols,42,4690 Jasmine Rue Apt. 755,South Jessicaview,Missouri,04943,-14.479662,-87.2283655
Danny Miller,26,49382 Lewis Trace Apt. 988,Sampsonland,Oklahoma,40564,97.835873,55.5273995
Curtis Henry,22,862 Paula Ridges Apt. 762,Cherylhaven,Alabama,60622,-89.162972,-66.044513
Dawn Johnson,73,386 Rodriguez Forest,Dillonfurt,Illinois,31290,42.534391,4.666196
Taylor Meyer,35,858 Bruce Lodge Suite 221,East Lisa,Louisiana,15268,-123.291053,43.6594115
Elizabeth Mcintosh,32,8057 Sara Grove,Scottview,Missouri,23050,22.917359,-69.8904325
Sandra Santiago,78,871 Janet Fort Apt. 367,New Angelamouth,Wisconsin,06764,-95.952838,-4.6225605
Lauren Harvey,47,545 Brian Rue Apt. 066,Robertsonfurt,Florida,65499,147.462656,-49.5163455
Angela Howell,75,069 Hernandez Mission Suite 706,Lake Jasonview,Missouri,40943,-98.389371,56.9203155
Hector Kim,72,086 Moreno Branch Apt. 366,Hamiltonmouth,New Mexico,60779,-49.556820,49.290218
Wendy Paul,38,967 Brian Drive Apt. 729,North Calebfurt,Mississippi,05447,68.138109,-17.5447635
Sean Sullivan,49,28709 Miller Lights,West Johnborough,Wisconsin,73841,-53.455075,-71.0792575
Nicholas Duncan,47,329 Owens Pines Suite 815,Port Roymouth,New Jersey,70835,161.340676,45.2568845
Catherine Torres,60,19945 Tran Coves,Wrightton,Nevada,08689,79.253935,-11.860961
Joe Wheeler,26,6131 Combs Viaduct,Port Julie,Iowa,89812,-25.150351,-26.7755135
Richard Ross,50,38475 Duncan Lane,East Josephton,Kansas,60077,-124.125306,9.1510185
Jeffrey Trevino,68,9076 Hernandez Plaza Apt. 125,Port Joanne,Idaho,18545,-110.047286,-66.017664
Justin Morales,19,612 Owens Oval Apt. 162,Ellisside,Montana,60473,-9.221037,-75.0514765
Michael Snyder,21,11574 Perry Inlet Suite 271,Morganfort,New York,84045,-95.073281,-18.3945305
Kimberly Mcneil,69,521 Thomas Tunnel Suite 314,Manningmouth,Massachusetts,52341,-114.185036,30.558590
Nathan Clark,67,4653 Miles Course,Austinland,Alabama,82417,45.377777,5.183387
Leslie Jones,36,9253 Ramirez Ridge,Juliehaven,Washington,55151,86.304959,-89.816688
Dale Lane,67,6049 Morales Island,Danielstad,Wyoming,98995,0.541233,-24.257376
Samantha Bell,68,164 Munoz Inlet Suite 163,Lake Angelicatown,Indiana,61119,-178.436287,-87.512150
Kaitlyn Kirby,40,0608 Tyler Neck Suite 283,Danachester,Michigan,06348,-76.255910,-83.7437045
Juan Madden,36,905 Ronald Forges Apt. 358,North Michael,New York,02203,-165.662287,77.0622135
Jason Smith,29,4974 Lawrence Roads Suite 053,Julianchester,Kansas,90522,-22.250454,60.763558
John Phillips DDS,58,234 Blackwell Mews,Lake Deborahland,Oklahoma,19417,179.762324,-51.9273185
Theresa Howard,61,655 Matthew Fall,Houstonport,Arkansas,72943,-130.264301,1.9513915
Virginia Jackson,42,8410 Christopher Mountains Apt. 933,Samanthaland,Ohio,52190,32.975373,8.323547
Antonio Miller,47,0909 Isabella Mission,Aguilarhaven,Alaska,63770,145.272404,-65.1953465
Kenneth Crawford,44,462 Santiago Meadow Apt. 177,Joshuastad,Wisconsin,64531,82.053808,-39.799950
Michael Bell,30,031 Beth Walks,Lake Lynnshire,Idaho,69976,-144.099225,-8.1708305
Maria Finley,67,523 Stephen View Suite 649,New Haleyfort,West Virginia,47958,-65.170393,-15.0962185
Jill Odonnell,39,59360 Underwood Turnpike Suite 549,Daviston,Washington,04303,105.248776,-0.021222
Jeremy Evans,57,09753 Patrick Walks Suite 983,South Ashley,Ohio,13214,-11.766254,7.010789
Jennifer Dunn,44,0314 Kennedy Meadows,North Donna,New Jersey,26141,-145.200518,-81.5302945
Robert Myers,56,60010 Chloe Turnpike Suite 557,Rodrigueztown,West Virginia,79011,-47.786165,-8.6186275
Cynthia Cobb,49,143 Sandy Viaduct Apt. 670,Stricklandside,Alabama,80376,140.696830,50.8636885
Dana Horne,53,9965 Danielle Keys Suite 289,Freemanchester,Louisiana,70667,93.957381,-44.182983
John Ruiz,45,28807 Melissa Skyway,Pamelamouth,Virginia,81940,63.900533,13.6625735
Charles Snow,55,06536 Clark Spur,Perezhaven,Pennsylvania,20794,80.978286,-63.7073285
David Williams,52,74693 Corey Ville,New Moniqueview,California,79175,97.966955,-59.3492675
Crystal Pugh,55,5764 Traci Ways Apt. 628,Catherineshire,Indiana,59845,42.057108,36.589002
Heather Mason,63,36865 Reese Camp,East Ginafurt,North Carolina,39670,95.995540,-60.273578
Kelsey Hunt,44,6903 Jose Place Suite 544,West Ashley,North Carolina,63539,102.585018,-1.106039
Catherine Holland,43,447 Rachel Light Suite 582,North Cheryl,Arizona,59019,159.565291,-1.3092065
Ana Russo,61,894 Kevin Island,Phamfort,Florida,21316,33.379652,-7.259433
Amanda Pratt,52,340 Hill Brook Apt. 260,Leonborough,California,27512,-54.165214,-31.901697
Catherine Arnold,62,5132 Keith Green,Doughertystad,New Hampshire,86770,177.885228,70.801413
Ashley Sanchez,43,7893 Eric Ramp,Marcusberg,Mississippi,78493,38.294611,-81.7935385
Ashley Vasquez,48,986 Joan Divide Apt. 124,North Jillview,Hawaii,59986,-162.274231,-32.4957805
Christian Werner,74,71672 April Skyway,South Stephenburgh,Missouri,68244,-66.987874,53.5534955
Carrie Fleming,65,14439 Jenny Knoll Suite 058,South Raymondtown,Iowa,04302,-165.311968,-64.1682145
Brooke Smith,49,534 Galvan Hill,Kathleenfort,South Dakota,07279,13.314908,-84.246847
Christopher Sandoval,22,09846 Stacey Land Apt. 166,Chambersmouth,Michigan,03933,93.950826,14.121860
Steven Charles,31,813 Wong Mission Apt. 050,Gomezmouth,Minnesota,69731,7.464023,84.0963385
Jason Anthony,27,0659 Dillon Lodge,New Michael,Vermont,52485,100.698099,-51.373589
Katie Peterson,47,06549 Alex Crossroad,Jessicafort,Ohio,13189,-146.922736,-17.745406
David Rosales,62,7243 Tran Fields Suite 080,Port Grant,Michigan,53540,159.673399,-59.255936
Anna Chavez,42,9581 Rodriguez Ville Suite 067,Jessicamouth,Nevada,96840,11.836724,-25.377507
Sandra Boyle,72,68395 Jenkins Branch Suite 817,Port Josephview,Nevada,27677,36.073041,-34.866217
Brenda Wells,60,7561 Alan Falls,Powellhaven,Missouri,55808,21.319685,2.692017
Alexander Tate,25,392 Taylor Skyway,North Laurenshire,Georgia,44237,111.099087,-89.9058855
William Spencer,43,26959 Lauren Junctions Suite 562,Perkinsfurt,Oklahoma,18525,-51.431881,-59.3033715
Ryan Bennett,32,6905 Hatfield Rest,East Elizabeth,New York,26711,24.043799,-46.2511845
Thomas Cunningham,32,1451 Logan Lane Suite 243,Nicholasshire,Colorado,79443,-128.673678,71.202633
David Jensen DDS,37,9152 Steven Knolls,New Austinview,Arkansas,46253,43.641006,22.488971
Anna Crosby,71,4986 Kelley Loaf,Douglasburgh,Nebraska,78589,-19.014622,-5.985921
Breanna Hodge,24,1063 Young Walks,Smithberg,Hawaii,22768,116.838541,-39.620943
Anthony Johnson,43,87955 Gonzales Squares,South Melissa,Ohio,63361,43.233889,19.310528
Kathleen Hill,48,640 Baldwin Freeway Apt. 721,Davisport,Maine,55601,-80.103954,-21.366160
Jeffrey Spencer,59,61077 Kristin Squares Apt. 568,Cainview,Mississippi,35489,54.108640,-55.687249
Lisa Davenport,37,322 Patterson Extension Suite 959,Lake Katiefort,Alabama,69653,169.801579,-49.044223
Christopher Forbes,51,468 Dawn Forks,East Christineshire,Nevada,83241,77.490582,89.6253185
Jessica Roberts,78,394 Kim Motorway Suite 582,New Joshuaville,Arizona,14090,-38.749731,2.859447
William Lane,48,9258 Lisa Extensions,North Kristenside,Louisiana,48914,82.761287,-44.296433
Craig Clark,61,89349 Perry Drives,Murrayland,Arizona,37657,-55.111276,-55.3885715
Kerry Larsen,66,2093 Barker Throughway Suite 209,Mooreville,Kentucky,13996,9.159487,-2.9394555
Michael Anderson,80,286 Janice Skyway,South Michaelchester,South Dakota,97097,162.330935,52.8553615
James Wilkins,38,42183 Madden Tunnel Apt. 118,North Frank,Arizona,46764,84.609216,-36.702474
Frank Nguyen,57,8357 Regina Islands Apt. 444,Andreahaven,Nevada,83705,40.380645,-52.738043
Sarah Li,58,19955 Amber Forks,New Jonathonton,New Mexico,83520,-146.948850,28.005703
Timothy Gomez,49,9892 Stanley Spur Suite 503,New Jocelyn,Indiana,86969,-2.345735,32.1477505
Joseph Mcmillan,78,1564 Angela Route Suite 327,Michelleborough,Nebraska,51041,-27.570690,76.6708695
Paula Chan,26,75539 Watts Loop,Nelsonside,Wisconsin,11323,108.756688,39.9261855
Jason Ellis,80,1540 Amy Light,New Karen,New Jersey,46451,54.094432,-80.016060
Jeffrey Turner,30,169 Walsh Loaf,Williamsonview,Nevada,98383,151.216650,-2.1203375
Sarah Keller,30,357 Rogers Mountains Suite 587,New Jennymouth,North Carolina,77150,52.567260,-20.994510
Kelsey Ray,18,0310 Mccoy Flats,Larafort,Wyoming,33245,61.709678,73.9090815
Brian Schmidt,59,236 Snyder Spur Apt. 978,East Gary,Montana,58330,-128.006064,23.3051475
Stephanie Cohen,59,20103 Heather Ford Suite 731,Hickston,Iowa,15785,65.647324,-10.7754015
Margaret Chen,54,385 Lawrence Squares,Johnville,Maine,30365,-27.911314,-17.6575435
Katelyn Edwards,64,7236 Johnson Circles,Pagefort,Tennessee,14806,-102.917190,-40.384780
Christopher Wells,48,94224 Stacey Street,Markside,Alaska,22132,158.091885,-24.5682775
Diane Gould,52,4326 Amanda Vista Apt. 525,Tonytown,Washington,22786,-58.763952,-49.3447045
Philip Brown,55,17476 Cannon Skyway Suite 765,East Samantha,West Virginia,45359,-87.454602,-44.870708
Darlene Schultz,76,0492 Gonzalez Shoal Apt. 819,Bauerside,Rhode Island,93297,85.083326,48.6513005
John Washington,53,4826 Michael Trafficway,Phillipston,California,04571,-3.509940,7.8217135
Benjamin Wilson,73,163 Michael Lights Apt. 160,West Juliaberg,Massachusetts,87021,90.034037,72.3030675
Kimberly Silva,65,682 Nicholas Crest,Jennifermouth,Alaska,97315,4.539214,28.3206115
Carla Gutierrez,22,31027 Smith Highway Suite 181,New Claudiamouth,Maryland,01532,-3.757228,52.517737
Robert English,61,36637 Candice Road Suite 346,Gregoryhaven,New Hampshire,49103,122.083060,75.8739515
Patrick Moore,59,12637 Benitez Square Apt. 895,Summersport,Maryland,16356,77.201389,27.679043
Shelley Harris,64,1708 Hayes Ways,North Leonardhaven,Illinois,05612,-161.759224,-41.174486
Gary Mann,34,7101 Brandi Street Suite 586,Laurahaven,South Carolina,53335,36.623247,4.5207625
Eric Brennan,37,308 Ryan Neck Apt. 103,Dannyburgh,Maine,46353,40.019037,-52.2636015
Matthew Hickman,19,8061 Carr Road Suite 808,Jeffreyborough,Maryland,62818,161.038226,-25.5124445
Brenda Jackson,25,8190 James Freeway Apt. 417,Nancytown,Idaho,76105,-20.853359,-34.304408
Maria Reid,29,412 Dennis Plaza,Barbarafurt,Pennsylvania,17983,-21.209864,64.643475
Courtney Jones,26,7578 Donald Inlet,South Meganborough,Virginia,17185,115.526159,-49.709730
Jared Ray,51,77371 Byrd Turnpike Apt. 231,Lake Jesseshire,Iowa,84680,95.745309,54.2794065
Christopher Johnson,45,517 Blackburn Club Suite 206,Ginaview,Oklahoma,42276,128.288792,38.0374655
Jane Foster,57,35324 Samuel Points Suite 744,South Tamaramouth,Delaware,79746,103.001628,60.948768
Audrey Roberts,58,4546 Ponce Ford,Lake Jackshire,Texas,17300,25.900252,-22.0466275
Mitchell Hall,36,370 Lee Knoll,East Wendy,Texas,12266,-153.227337,-39.752068
Sara Simpson,50,841 Johnson Mission,Dixonstad,Michigan,86382,-68.381108,84.3543305
Michael Sims,47,865 Mcdonald Plains Suite 797,New Renee,West Virginia,75879,-10.703799,36.106131
Thomas Bennett,41,811 Sherman Mountain,South Laurenburgh,Colorado,06606,97.690355,51.822225
Thomas Mccann,56,608 Jacqueline Centers Apt. 923,Carriefurt,Missouri,48214,-26.358839,-34.848925
Steven Wallace,23,206 Farrell Meadow,North Michaelfurt,Oregon,28286,97.603390,0.071000
William Lopez,59,74373 Gonzalez Summit,Devonberg,North Carolina,89078,94.678728,40.760156
William Johnson,47,744 Nolan Walk Apt. 762,South Eric,South Carolina,40960,-11.681722,-23.135377
Margaret Silva MD,69,854 Lyons Locks,North Taraton,South Dakota,08557,159.643852,-13.8894905
Willie Perez,66,83119 Juan Stream,Loriport,Oklahoma,02230,104.568200,87.296759
Jeremy Anderson,48,796 Johnson Ville,Lake Lisa,Missouri,17451,-19.888821,-86.572378
Ryan Blanchard,47,72045 Alvarado Junction Apt. 424,Blaketown,Indiana,74931,144.191070,74.5350365
Rhonda Perry,26,3090 Samantha Views Apt. 622,South Patriciamouth,Oklahoma,71668,-10.422142,-0.166239
Dustin Chavez,57,21312 Hunt Garden Apt. 004,Jonesside,Texas,98061,-42.020633,-4.4897575
Crystal Cunningham,49,8208 Anthony Pines,Millerville,Missouri,80681,22.330109,-26.774712
Kim Rhodes,73,05933 Melinda Ville Apt. 943,South Randy,Mississippi,22977,158.472545,10.135106
Caroline Bell,58,180 Matthew Crest,Moodyville,Minnesota,84343,-49.149243,-75.4565565
Justin Anderson,47,18148 John Mission Suite 652,North Ryan,Kansas,40440,86.886580,-27.356390
Kristina Lopez,64,264 Elizabeth Coves Suite 615,Wonghaven,Texas,36549,-112.938108,14.8304515
Jacob Thomas,53,928 Douglas Islands,Matthewland,Mississippi,94350,84.894796,1.978203
Misty Harris,49,294 Michael Wells Apt. 091,South Brianfort,Utah,67278,103.904242,-53.795060
William Morse,25,178 Madeline Inlet,East George,Iowa,54423,40.860837,71.790257
Jerry Ellis,35,632 Perez Parks,South Tinamouth,California,21807,4.131858,15.767142
Caleb Douglas,60,2844 Henderson Plains Suite 084,New Michael,Maine,91081,133.744968,3.827061
Gina Riddle,23,3402 Leonard Manor,West Dakotaview,Minnesota,38304,174.849030,-15.240832
Aaron Carr,29,2478 Cruz Drives,Gutierrezfurt,Kansas,52697,-0.159573,-28.019679
Tiffany Humphrey,46,74251 Trevor Island Suite 973,West Christianshire,South Dakota,07994,149.152206,79.0456005
Kimberly Pham,54,281 Anderson Path,West Jasontown,New Hampshire,36577,143.795276,-16.3675635
Richard Ward,55,64910 Mueller Rapid,West Ericport,Louisiana,57827,-44.720845,-16.9342465
Tina Gates,73,629 Anthony Highway Apt. 924,West Brandon,Hawaii,64113,139.406227,28.8400825
Michael Friedman,68,05119 Douglas Port,Port Jenniferland,Idaho,97600,176.443310,2.552278
Michael Sherman,34,156 Gloria Oval,Tashaville,Ohio,24253,139.174287,-80.149599
Brandi Waters,74,127 Rachel Centers Suite 926,Emilyburgh,North Dakota,78021,-57.605925,-57.958581
Amber Ramirez,32,07787 Melanie Trail,New Russell,Iowa,82761,18.334848,-42.9939565
Lisa Case,53,825 Terri Rapids Suite 475,East Kimberlyfort,Kentucky,11020,-77.081602,-22.976649
Carrie Blankenship,51,5346 Joel Shoals,New Sabrina,Arizona,51384,-153.810714,16.1379805
Kimberly Melton,26,0110 Wang Walks Apt. 720,Port Michelleshire,Wyoming,44028,169.773237,16.177660
Amber Hanson,62,1633 Clayton Divide,New Jamesborough,Delaware,04102,147.629749,14.5989535
Whitney Hernandez,45,0624 Barker Motorway,New Adamberg,Rhode Island,92662,-46.404661,68.859921
Wayne Wheeler,77,5091 Brandon Meadow Apt. 491,North Robertstad,New York,94329,-11.845199,-54.361112
Hannah Barnes,77,2005 Carlos Points,Lake Darrell,Nebraska,16008,-100.880570,-46.2282775
Hunter Medina,27,54201 Thomas Roads Apt. 322,Lambmouth,North Carolina,03613,-120.465113,73.3457065
Nicholas Miller,33,3859 Ayala Route,Michaelborough,Rhode Island,48495,-83.033916,-28.605954
Michael Brooks,28,573 Johnson Divide Apt. 891,South Charles,New Hampshire,92735,-113.855262,85.1400155
Elizabeth White,64,922 Chapman Rue,West Dianaton,New Jersey,31221,-10.669353,23.2476675
Elizabeth Brown,56,0072 Barbara Views Apt. 481,East Michaelburgh,Michigan,86786,-71.899984,-3.9160415
Carrie Rodriguez,46,03599 Simon Centers,Port Madison,West Virginia,75314,-32.771038,-71.5826685
Larry Riddle,23,5795 Williams Ville Apt. 642,West Joshuaberg,California,66542,139.557427,83.5190915
Cindy Allen,69,021 Karen Common Apt. 232,South Peter,Wisconsin,21774,59.903304,-3.989812
Daniel Carter,69,88166 Ramirez Skyway,Matthewstown,Massachusetts,51337,-6.243872,86.1297845
Jody Bentley,59,01405 Gary Walks Apt. 923,West Joshuafurt,Mississippi,71480,-112.970578,-26.281891
Jessica Harvey,74,5319 Cook Ports,Kevinside,Florida,30246,-158.547772,-63.805931
Seth Nelson,31,2533 Emma Ports,West Karenport,Nebraska,88268,171.982986,-83.2975945
Patricia Fleming,44,025 Hall Trail Suite 480,Berryland,Virginia,24203,-59.970292,4.5517065
Elizabeth Greer,75,715 Leonard Rapid,East Alicia,Missouri,06814,-63.978402,-77.464703
Tracey Mckenzie,23,369 Williams Haven,North Jim,West Virginia,57809,-53.518345,15.0376815
Sean Bauer,76,5475 Velez Ways,Higginsberg,Oklahoma,01414,15.670822,14.5996325
Steven Wilson III,43,9079 Lisa Trafficway,Oconnellmouth,Washington,73508,172.446656,66.090182
Tina Oliver,71,482 Curtis Ford,Codyfurt,Maine,33341,-117.725943,-5.2984335
Michael Smith,40,248 Campos Ranch Apt. 351,Harristown,New Jersey,72863,148.600402,-1.1737705
Spencer Barnes,18,10994 George Fall Suite 041,Brentview,New Mexico,79096,-131.224520,82.2157495
Victoria Murphy,50,66742 Robert Stravenue,Port Brettport,Massachusetts,63715,103.372470,-15.932050
Bianca Fox,42,341 Angela Prairie Suite 568,East Jenniferview,Texas,30916,-75.105302,84.866949
Mark Chavez,80,85019 Pineda Canyon Apt. 326,Austinside,Delaware,52357,-37.046268,38.878358
Theresa Ferrell,69,584 Julie Extension,Lake Caitlin,Missouri,19563,50.288615,66.1051825
Heather Wilson,20,5821 Bean Park Apt. 006,Branchburgh,Nebraska,43216,61.195641,54.071049
Amy Mitchell,36,11509 Joe Haven Suite 966,West Kyle,California,49930,8.927075,-86.6613645
Matthew Oconnor,48,2300 Fitzgerald Track,New Raymond,Maine,89721,103.551184,86.120599
Dr. Ann Ryan,65,4212 Howard Point,Port Nathanielport,Arizona,66113,43.278288,42.514019
Daniel Edwards,19,657 Little Knolls Apt. 687,Leeburgh,Oregon,59928,141.184950,-8.893978
Taylor Zamora,35,9523 Brown Common,Port Paul,Georgia,99504,-69.301139,-62.5061185
Monica Harrell,62,6727 Aguilar Hill Suite 469,South Johnshire,Massachusetts,12468,36.670481,22.7374525
Heather Cooley,71,372 Johnson Village,North Travis,Alaska,81240,-97.315509,-83.329742
Michelle Nash,79,42744 Turner Stream Suite 172,East Victoria,Oklahoma,51208,-85.382167,15.028953
Shirley Fernandez,27,786 Eric Stravenue,South Tiffanyshire,New York,31203,-45.644023,-68.910870
Melissa Carpenter,20,7138 Smith Cape,Burgessfurt,Kentucky,65783,63.585928,15.3803155
Cory Fisher,44,293 Matthew Landing,Billytown,Iowa,58341,-20.435623,-78.138755
Larry Carrillo,56,8953 Kevin Summit Suite 919,East Ericmouth,Rhode Island,72438,111.929680,64.479232
Meghan West,66,768 Pope Burgs Apt. 694,New Kim,Tennessee,41530,167.439779,39.406398
Michelle Martin,55,0176 Mary Gardens,North Thomasville,Connecticut,61109,-159.192394,-44.917073
Benjamin Salinas,43,8875 Evelyn Route Suite 767,Samuelport,Maine,14562,-154.264378,-47.260521
Louis Harris,18,68362 Michelle Estates Suite 365,Port Alejandro,Nebraska,42389,-178.306905,59.7639515
Tamara Jordan,77,15842 Michael Station,Robinsonview,Pennsylvania,34464,-42.033601,-52.4650815
Kimberly Greer,62,57569 Garcia Light Apt. 206,Donville,West Virginia,04481,142.344656,-87.963184
Jerome Mcdaniel,78,28286 Alicia Isle Suite 071,Jonesport,Arkansas,39740,-116.573292,68.499280
Larry Hartman,48,1723 Rocha Point,West Christinemouth,North Carolina,23326,-132.223794,0.666368
John Ho,26,27439 Shannon Viaduct Apt. 006,Robinhaven,Missouri,70301,94.119051,89.1349535
Jose Castaneda,55,9961 Julian Port Suite 815,Joneshaven,Georgia,82909,160.265321,-24.2434265
Dr. Jean Camacho DDS,77,421 Whitney Square,West Michael,Vermont,46069,55.507089,-51.4628345
Kirsten Taylor,59,414 Simmons Pike Suite 686,New Eugenestad,Wyoming,93063,-106.444109,-8.000968
Jenna Wright,56,7440 Joel Ferry,East Derricktown,Iowa,45854,70.412754,36.1020975
Theodore Curry,55,5523 Candice Junctions,Meganside,Colorado,32350,-163.498396,-25.9359535
Patrick Weiss,66,301 Benjamin Route,Lake Hannah,South Dakota,62120,109.563286,-56.1910225
Nathaniel Mendez,51,84045 Taylor Valley,Port Angelaville,Arizona,26843,-106.785709,47.374245
Michelle Stone,42,302 Kimberly Neck Suite 697,Smithstad,Ohio,53315,-67.811163,-14.564340
Renee White,66,0030 Alexander Stream Apt. 322,Joshuatown,Wisconsin,16899,-45.380562,-72.4898535
Deanna Black,79,3593 Zachary Garden,Hannahtown,Arizona,42415,116.030003,-80.494172
Clinton Saunders,53,0282 Thomas Forest,Rojasshire,Arkansas,44015,-172.990814,42.496901
Tony Miller,47,5451 Potter Grove Suite 802,Port Andrew,Ohio,80477,-18.064565,-83.267523
Robert Smith,25,9100 Buckley Freeway Apt. 618,New Mary,Virginia,78132,-16.694449,37.261998
Barbara Johnson,73,31811 Danielle Garden,Markhaven,New York,89736,-72.861668,-49.4979615
Jennifer Brown,42,7642 Conway Roads Apt. 630,Millerfort,Florida,18965,143.252504,43.670030
Stacey Campbell,54,87605 Victoria Prairie,Port Amandaburgh,Wisconsin,28200,107.295401,56.2824185
Shannon Aguilar,19,754 Benjamin Avenue,Carlychester,Nevada,62537,-137.088623,75.9257595
Todd Dominguez,78,1246 Jessica Extension Suite 659,Kristichester,Nevada,80331,-152.133895,-38.409093
Philip Barajas,73,163 Jordan Corners Suite 157,Josephtown,South Dakota,84845,44.652101,48.241446
Zachary Clark,79,76969 Ashley Club,Jameschester,Utah,99304,20.457854,39.223262
Ryan Berry,46,643 Lisa Land Suite 148,West Melissa,Michigan,93621,28.806490,-15.8944255
Stephanie Jacobson,71,3033 Elizabeth Place,Sharonhaven,Wyoming,94013,36.095232,2.222013
Patricia Brooks,24,32416 Heather Wall,Tracyland,Tennessee,22337,-102.972537,-85.138339
Nicole Lewis,69,32789 Lewis Divide Apt. 707,Waltersport,Illinois,00702,49.793781,59.2322305
Lisa Carter,63,319 Travis Plaza Apt. 673,Paulborough,Wisconsin,65597,-164.018197,-38.3939785
Renee Richard,39,625 Perez Summit,North Erica,Nevada,93894,-46.477050,9.482550
Dustin Wilcox,25,4513 Sarah Ways Suite 928,South Anthonytown,Idaho,06851,-79.881791,68.5647095
Derek Mason,61,36543 Susan Dam,Wilsonview,Michigan,73149,-178.407455,-14.1497335
Jeremy Wright,79,206 Chavez Lane Apt. 356,Hayesfurt,Arkansas,50960,139.098185,3.8913215
Nicole Woods,43,608 Mcdonald Burg,Landrybury,Indiana,26872,35.011414,32.6766785
Don Dixon,60,21051 David Roads,North Elizabeth,Wisconsin,92036,64.296001,78.123068
Daniel Young MD,66,1522 Adams Cape Apt. 959,Lake Timothymouth,Vermont,43763,-30.969310,40.790769
Mark Cooke,43,5738 Castillo Road Suite 357,Beckytown,Pennsylvania,25258,-23.481707,-13.4882005
Angel Perez,32,139 Derek Fork,West Zacharyton,Oregon,45774,81.993132,-79.993541
Justin Spencer,34,22601 Danny Mount,Port Drew,North Dakota,04676,-177.038010,-56.367342
Ashley Rivera,37,31386 King Fall Suite 166,South Ashleyfort,Maryland,38345,32.387529,15.1973415
Jason Brown,73,2191 Shelby Trail Apt. 369,West Davidtown,Iowa,35995,-128.620205,64.4794935
Michael Stephens,58,782 Young Tunnel,Moralesbury,Wisconsin,17170,106.136540,71.2940845
Richard James,67,99720 Jose Ridges Suite 510,West Andreborough,Maryland,57816,-6.031637,-40.423088
Mariah Lee,60,836 Lisa Drives Apt. 686,New Kimberlyborough,Hawaii,82895,-52.315219,-30.084801
Kyle King,50,622 Castillo Hills Suite 863,West Barrytown,Mississippi,31133,96.107884,44.0794215
Elizabeth Mcdaniel,66,24996 Anita Stream,North Matthew,Ohio,78134,-60.869507,17.0883795
Evelyn Stanley,40,4051 Nash Lodge Suite 356,Rosarioville,South Dakota,61896,81.006908,-56.3524025
Ashley Lucero,54,701 Lewis Cape Suite 273,Kyletown,Minnesota,05143,-78.343649,-87.100748
Jacqueline Pham,67,06599 Yu Club,Butlertown,Kansas,45750,-90.507295,-38.0147265
Joel Smith,79,861 Fowler Ville Suite 828,Cooketon,Utah,94863,-45.551850,-1.728905
Linda Myers,34,509 Proctor Rapid Apt. 442,Lake Rachelstad,Connecticut,59288,-110.881191,-1.3345455
Connie Horne,65,9881 Alicia Parkway Apt. 876,Walkerbury,Michigan,30733,171.036214,22.375561
Gary Barnett,24,42862 Max Oval,Cortezhaven,Arizona,92285,-102.230691,8.300963
Sara Wallace,65,446 Holland Stravenue,Allenstad,Utah,20259,85.071019,43.0522555
Summer Harris,66,9076 Jack Fords Apt. 378,East Laurenton,Florida,58849,21.122288,35.0667715
Nicole Christensen,65,733 Julie Mountain,Griffinbury,Nevada,58807,150.342200,36.200010
Anthony Knight,72,958 Bailey Port Suite 957,Stuartside,Wyoming,03544,70.995945,69.400424
Daniel Bradley,74,0959 Robert Vista Apt. 738,North Elizabethport,Montana,46908,135.340467,-44.9604335
Joseph Murphy,39,827 Randall Port,West Jeffrey,Oregon,13072,-45.937199,-48.379492
Scott Cameron,26,4404 Hernandez Parks,Wandachester,Ohio,98792,-117.682319,-16.872499
Barbara Howard,72,5140 Julie Loaf Apt. 610,Pageburgh,Virginia,38743,76.145554,2.658982
Jamie Evans,47,34415 Green Gateway Suite 560,Samanthabury,Nevada,14812,-41.429298,-37.8635975
Jessica Smith,22,496 James Fields Suite 895,Nicoleview,Idaho,24934,-51.236299,-25.1270295
Matthew Gonzalez,61,64541 Billy Lake Suite 757,Tamarachester,Iowa,17829,-152.011829,-48.1323195
Jeremy Peters,80,309 Jennifer Fort,West Stephentown,Maryland,14883,-9.697446,89.8042165
Cynthia Harding,67,275 Thomas Turnpike Apt. 737,East Jamesfort,South Dakota,44573,116.027081,-74.799562
Hannah Moore,22,657 Jeffrey Way Suite 918,Cummingstown,Ohio,63654,-109.098884,-64.455640
Joshua Howell,47,194 Scott Street,Lake Seanfort,Mississippi,03549,158.520211,72.1413795
Candace Johnson,77,334 Johnson Lakes Suite 095,New Daltonberg,Kansas,36465,148.566801,86.239978
Linda Santiago,73,257 Reginald Curve,West Josephberg,Ohio,70269,117.205481,-56.310644
Jenna Porter,36,19595 Andrade Lodge Suite 918,Fritzshire,Pennsylvania,85810,144.816179,46.097053
Mary Ruiz,79,4012 Morris Valleys,New Phyllis,Utah,49341,18.866264,-5.168950
Sandra Crawford,33,988 Monica Squares Apt. 294,Lake Desireeburgh,Wyoming,62260,168.911349,31.8849125
Russell Patterson,25,302 Glass Glen Apt. 733,North Roger,Michigan,26287,-32.811628,-85.141133
Shane Horn,49,2441 John Union,Donnabury,Minnesota,98753,-118.712328,12.476052
Joseph Winters,39,4781 Kelley Springs,New Melissachester,Georgia,53091,-51.937884,-33.975365
Patricia Oconnor,29,228 Brown Court Apt. 745,East Shannonmouth,Montana,30918,45.024384,-18.966457
Paul Myers,29,93117 Olson Motorway,Andrewburgh,Minnesota,05335,70.202761,75.549291
Rachel Baker,32,2340 King Route Suite 055,West Christopherview,Arizona,50305,13.907063,63.0454045
Kelly Kerr,22,0766 Frank Motorway,Dawnberg,Tennessee,08260,-133.933387,63.3461665
Christina Bates,32,257 Benson Haven Apt. 621,North Juanfurt,New Hampshire,76230,-167.164753,80.5969625
Benjamin Burns,57,232 Carey Mills,South Mikeview,Wisconsin,24523,-153.312597,30.621280
Alicia Jones,75,37399 Heather Rapid Apt. 957,Port Micheleside,Indiana,55174,-157.089277,-68.719216
Kenneth Rodriguez MD,47,290 Kelly Passage Suite 778,Juliafort,Oregon,54891,47.933729,-87.645036
Michele Kaufman,46,37717 Kenneth Squares,Murrayburgh,Minnesota,58584,154.271121,-40.6002335
Steven Grimes Jr.,75,68365 Brandon Mountains,Port Williamstad,Hawaii,12578,-47.844838,77.799650
Jennifer Davis,79,9041 Morrow Land,Barajasstad,Louisiana,19904,-105.505430,48.803121
John Barnett,66,5535 Jocelyn Shoal,North Darrenhaven,Idaho,40440,-65.461054,19.822361
Kelly Bird,36,801 Michael Motorway Apt. 913,Julieborough,Louisiana,91115,55.521991,-4.9584455
Dawn Meyers,47,06266 Brown Fords Suite 059,East Nathan,Vermont,65183,16.155912,83.273614
Aaron Melton,52,36287 Michael Motorway,Rodneymouth,Rhode Island,59755,-9.007291,39.2459155
Elizabeth Poole,61,685 Samantha Square,West Jonathanside,Delaware,87887,-35.096002,71.764719
Stephanie Walters,76,480 Parrish Mountains,Jacksonville,Pennsylvania,84148,-150.286364,-39.4062355
Ashley Martinez,67,4530 James Mountains,South Stacyburgh,Pennsylvania,19938,-2.743990,33.3874075
Dr. Jeremy Sullivan,32,03597 Carpenter Trail Suite 896,Hamiltontown,North Carolina,04289,-95.768050,-5.3044055
Jackson Alexander,77,5813 Mccullough Plain,Hayleyport,Wisconsin,77616,56.447697,-64.2410865
Tony Lyons,74,542 Sara Alley Apt. 743,Port Carla,Utah,38037,-114.413878,-21.842921
Valerie Moyer,63,487 Nelson Expressway Apt. 432,East Benjamin,Montana,14400,-52.475046,-39.588114
Stephanie Jones,37,3209 Rogers Flat,North Brianville,Kentucky,55785,-30.841570,76.3755485
Jack Robinson,34,2856 Swanson Course,Hernandezfurt,Wisconsin,05869,41.231520,75.1002835
Wendy Jones,19,988 Phillip Ports Suite 282,Andersonside,Massachusetts,07483,123.095017,85.176751
Crystal Hart,20,9446 Adams Highway,Gutierrezhaven,Oregon,25124,50.651990,-33.617387
Stephanie Brock,53,5802 Adams Valley Suite 638,Williamhaven,New Jersey,58424,108.357267,71.9506565
Victoria Barnett,68,35113 Luna Villages Suite 982,Kristopherburgh,Pennsylvania,72095,-136.201802,8.894318
Kimberly Smith,34,00575 James Lock,Jessicaburgh,Rhode Island,95107,67.581366,-4.259847
Shawn Sullivan,50,011 John Parks Apt. 466,Lake Aaronstad,Kentucky,07422,117.703683,58.336843
Courtney Shields,76,4451 Adams Pine Suite 783,Caseyview,Arkansas,93373,0.252675,-31.582915
Brandy Morgan,40,59760 Smith Park,South Janiceview,New Jersey,96139,105.745325,-73.759673
Shannon Stevens,69,24627 Bridget Stream Apt. 970,Greenton,Tennessee,77751,59.802424,-66.249615
Francisco Huang,63,938 Justin Meadows,Joneschester,Maine,88094,118.815379,-80.503720
Julia Porter,31,5427 Michael Causeway Apt. 159,Lake Markmouth,Kansas,50105,16.477333,14.0601245
Steven Phillips,43,490 Heather Corners Apt. 179,New Christineborough,Wyoming,61552,77.366496,-76.469200
Robert Evans,32,12246 Hill Park Apt. 115,Matthewhaven,Massachusetts,38979,-134.357093,35.7164735
Lisa Rodgers,67,73595 Morris Burg,South Ericaville,Kentucky,40928,45.110198,79.116388
Veronica Hamilton,63,77841 Tyrone Way Apt. 976,West Laurafurt,New York,32548,169.788169,81.398648
Cameron Gregory,58,177 Osborne Road,Edwardsberg,Indiana,18204,-118.560583,-85.1608085
Daniel Hudson,27,17551 Patton Plains Apt. 504,North Makayla,Maryland,71290,36.012576,31.384618
David George,60,8035 Michelle Garden Suite 520,Lake Kristen,Iowa,10036,-166.501448,61.6803665
Brandon Richmond,39,03701 Cathy Motorway,Port Sarah,Alabama,51258,83.750806,-66.863694
Benjamin Aguilar,74,79238 Dorsey Branch,South Jacob,Missouri,07274,-47.331221,-11.0554165
Ashley Schultz,70,7254 Andrew Center Apt. 707,Blakemouth,Utah,66311,-24.655015,-71.254059
John Barker,31,1409 Robin Stream,West Crystal,Colorado,97238,60.045693,-46.4577675
Sara Wu,27,2082 Lawrence Fords,Kingchester,Washington,19112,77.650153,-21.7216635
Michael Moreno,27,981 Munoz Turnpike Suite 494,Shermanshire,Delaware,44614,-38.693096,27.4680325
Terry Campbell,29,1321 Kim Tunnel Suite 797,West Richard,Nebraska,07076,144.182258,-67.667340
Nicole Mcguire,35,8096 Lawrence Crossing,Joanshire,Arkansas,62643,106.939417,12.953730
Shannon Bennett,57,07031 Brandi Rest Apt. 303,East Garyton,Delaware,09705,-13.972728,55.279509
Clifford Garcia,69,43791 Erik Manor,Kevinberg,South Dakota,84022,29.941103,78.486838
Leonard Clark,73,48016 Bowers Knoll,East Kyle,Alaska,35052,19.226881,-24.168632
William Higgins,71,76229 Walker Corners,New Erica,Ohio,78305,-35.993963,-85.4536365
Stephanie Brady,53,48667 Lisa Burgs Suite 638,Stanleyhaven,New York,54661,159.371762,-48.410505
Kenneth Marshall,55,991 Perry Route Suite 040,North Heather,Nevada,88364,-133.805584,-9.207926
Whitney Hebert,34,3719 Flowers Orchard,Susanland,Oregon,41852,94.759562,34.0396275
Felicia Gilbert,65,28893 Nash Villages Suite 933,Tinamouth,Vermont,71725,142.239145,74.546174
Curtis Davis,61,48492 Ronald Spurs Apt. 266,East Sheila,Kansas,94541,-108.135639,11.289429
Kelly Bishop,25,05454 Joe Ville Apt. 092,Denisechester,Maryland,63048,11.392665,68.6117335
Angela Flores,25,59421 Reese Ranch Suite 421,North Victorbury,Wisconsin,48368,48.031491,19.5865155
Mary Poole,24,05657 Charles River,West Joseph,Mississippi,49038,126.158531,45.480132
Stephanie Nelson,76,288 Brittany Gardens Apt. 074,Campbellfurt,Montana,23617,-69.790944,-76.389902
Nathaniel Clark,42,966 Wanda Ville Apt. 290,Fullerborough,Oregon,86039,9.955206,-45.228743
Sarah Russell,69,598 James Island Suite 668,East Zacharyside,Alabama,33108,90.369495,48.5463105
Peter Miranda,37,23136 Edward Center Apt. 091,Lake Matthewborough,Virginia,16351,-153.753235,-66.449188
Bonnie Heath,53,4045 Justin Ports Suite 782,Colonview,Illinois,84035,90.751423,-50.933634
Sarah Peterson,23,7959 Crosby Falls Suite 077,Woodardshire,Florida,89992,13.435511,-56.991575
Joseph Walton,80,48283 Kayla Junction,Floreschester,Nebraska,90154,-121.276058,-72.692860
Rebecca Flores,67,240 Bowers Hollow,Floreston,Georgia,51135,-102.193277,80.092596
Keith Sexton,67,394 Teresa Rapids Suite 648,Fernandezborough,New Mexico,07013,156.716230,60.5853215
Leslie Schmidt,36,4344 Jennifer Causeway,Drakefort,Vermont,56978,174.926874,-59.489114
Thomas Martin,24,5926 Jenna Parkways Suite 885,Luisland,Rhode Island,90360,106.659968,58.2017125
Kathryn Kelly,64,14788 Kevin Point,Shawfort,New Hampshire,40920,151.738509,-1.9118885
Amber Macias,59,269 Steven Bypass,Smithside,Texas,49338,-76.819639,45.2165385
Michelle Lopez,44,049 Elliott Crossroad,Hannahview,North Carolina,40575,-56.352028,-51.259576
Tiffany Novak,72,30602 Kenneth Greens Suite 048,Michaelfurt,Virginia,23273,-81.482077,-8.550628
Felicia Contreras,61,10487 Mary Forge,Lake Heatherside,Colorado,62865,-8.583221,48.528886
Thomas Brown,74,5795 Stephanie Landing Suite 843,Lake Timothyberg,New Jersey,25878,174.319308,13.0789875
William Khan,71,688 Kendra Bridge,Melanieland,New Jersey,67418,-47.790531,85.097323
Elizabeth Sanders,68,795 Nguyen Haven Apt. 263,Melanieberg,Georgia,01219,67.636599,-57.814220
Amy Rodriguez,60,930 Jessica Hill Suite 494,South Joyceborough,South Dakota,54648,73.335689,25.034148
Derrick Rodriguez,70,5602 Gamble Meadow,Lake Jason,South Dakota,56413,177.814035,-13.0912305
William Wright,26,617 Darrell Bypass Apt. 853,Bennettstad,Alabama,39057,-161.477935,33.067987
Alex Giles,69,86625 Horton Parkways Apt. 511,Lake Amberview,Oregon,05839,124.190118,79.708458
April Gaines,77,37038 Tyrone Plaza,Jacksonmouth,California,40764,-11.649730,-36.891337
Maria Adams,76,50595 Walters Parks Suite 742,South Joanne,Virginia,31250,177.625984,8.369269
Sandra Hardin,36,3653 Clark Lights Apt. 849,Wilsonstad,Texas,54315,21.207078,67.7439585
Matthew Barker,45,9827 Davis Curve Suite 118,West Michelleburgh,Iowa,07342,-170.920672,-66.3877385
Travis Maxwell,39,620 Michelle Gateway Apt. 317,Wendymouth,Florida,72655,-82.026969,4.0670195
Andrew Kelley,56,708 Gina Cove Suite 032,Levinestad,Missouri,39410,-92.238221,-16.4115135
Renee Burton,76,665 Kathryn Glen Apt. 604,Joshuashire,Rhode Island,80492,-120.498512,48.9677195
Tina Harding,39,05538 Rebecca Grove Apt. 998,North Sarahland,South Carolina,33125,-45.042389,-5.4033935
Mr. James Norman,55,224 Sierra Glens,Port Kathleenburgh,Kansas,66490,104.191194,0.8539645
Christopher Taylor,44,199 Douglas Burg,Amystad,Mississippi,39539,96.469480,66.0811945
Cheryl Williams,57,4288 Gina Shoals,Mooreport,New Jersey,73355,6.361532,-1.9691085
Becky Wood,63,00732 Thomas Trail Suite 359,West Josephmouth,Iowa,30566,-168.084457,-68.092669
Robert Diaz,69,1202 Christine Parkways,East Jennifershire,Maryland,84822,-106.274800,23.536666
Kerry Simmons,76,6020 Reginald Corner Apt. 970,Eddiechester,Nevada,42479,-120.420964,-14.171119
Mark Gentry,46,90767 Mccarthy Skyway,East Richard,Indiana,08448,-91.262995,-13.5248645
Brenda Valdez,29,5955 Kevin Dam Suite 128,Michaelfort,North Carolina,65932,-123.401029,-87.830450
Kyle Ruiz,43,8649 Megan Lodge,South Aaron,Missouri,70225,-96.866207,-49.885288
Kelsey Harris,77,72613 Price Spurs Suite 951,Cherylburgh,Illinois,18066,171.773643,31.4798545
Jessica Archer,39,2670 Gina Shore Suite 548,Lisaland,Hawaii,94418,-163.117456,70.533584
Bobby Mendez,32,890 Scott Landing,North Kirstenton,Utah,48411,-130.940096,74.589031
Andrew Burns,71,970 Whitney Spur,New Corey,Wyoming,43741,-138.151371,25.041440
Benjamin Bailey,56,35786 Davis Spur Suite 138,Jenniferhaven,Illinois,66104,-23.565135,15.3276245
Jeremy Johnson,18,4619 Monica Burg Apt. 461,Lake Christopher,Kansas,71524,-52.909547,35.6348665
Michelle Gomez,63,011 Griffin Drives Suite 705,Miguelport,Nebraska,27698,-35.456736,65.4719435
Nicholas Mullins,64,73845 Alvarez Isle Suite 436,Jasonchester,South Carolina,73763,-116.891987,50.831265
Jeffrey Hurley,65,7624 April Station Apt. 129,New Jonathanton,New York,92312,-11.828945,67.907925
Diana Anderson,71,99311 Steven Lodge,Lake Justin,Delaware,65664,-106.588775,65.837645
Janice Bennett,79,511 Tate Port Apt. 707,Mooreside,Illinois,03800,1.927658,85.0976065
Mary Christian,54,770 Kimberly Flat Suite 716,Higginsbury,Nebraska,69944,-145.341802,-16.8423695
Mr. John Delgado,80,9497 Jeffrey Plains,Micheleberg,Virginia,35744,21.727766,31.1421425
Benjamin Garcia,68,5145 Matthew Corner,Lopezland,Alaska,45989,166.867774,-6.5049785
Jeremy Kemp,51,2816 Cheyenne Cliff Apt. 726,East Crystal,Oregon,74456,168.714570,18.8144955
Victor Moore,55,58686 Beard Trail Suite 250,Williamsland,Hawaii,46780,-86.045640,53.224163
Michelle Dixon,72,84830 Bishop Groves,New Angelaburgh,Oregon,93345,171.821908,-57.5116495
Garrett Zavala,46,56664 Young Well,North James,Rhode Island,88116,-66.765759,45.4654595
Karen Richards,38,20752 Miranda Islands,West Christopherview,Utah,31380,120.924076,-71.489383
Jeffrey Torres,38,97876 Jefferson Keys Suite 201,Crawfordhaven,New Hampshire,02712,45.356125,52.887422
Andrew Moran,22,0028 John Extension Apt. 772,Simsborough,Mississippi,24252,-160.736478,-24.7880565
Stephen Hardin,31,8662 Andrea Garden Suite 316,Kathrynbury,Missouri,09598,-114.476148,-4.3742195
Andrea Perry,71,93429 David Loaf Apt. 147,Lake Natalie,Virginia,26382,40.382828,-84.0642195
Sheila Ramirez,44,774 Matthew Street Apt. 764,Wilsonton,Indiana,17643,113.987500,44.264322
Lauren Stewart,72,28939 Brittany Squares,East Gerald,Delaware,91593,41.989578,31.771816
Teresa Ray,27,990 Dustin Harbor Apt. 303,West Paulport,Arizona,94233,70.399527,-4.255972
Charles Blackburn,75,59264 William Greens,New Jennifer,Missouri,06370,-86.324323,-53.9955095
Joseph Robinson,70,00892 Jasmin Hills,Hannaland,Massachusetts,84198,-105.916188,-1.269892
Kristin Evans,73,61155 Powell Village,South Wandamouth,Kentucky,47708,52.890210,-23.4101785
Gregory Romero,65,826 Watson Summit Apt. 167,New Jonathan,Colorado,82188,-3.557144,-25.7637655
Tina Brown,28,336 Padilla Vista Apt. 204,East Nancyfurt,Maryland,89942,-57.422462,31.6304945
Rhonda Ortiz,41,430 Moore Meadow,Lake Christopher,Montana,91538,-169.465350,-35.754302
Brenda Barnes,54,8819 Sims Mountain,South Kristin,Oregon,72821,158.073555,-76.357238
Peggy Ayala,44,8494 Travis Ways Apt. 588,Lake Erikabury,Kentucky,68857,93.879829,22.112478
Joyce Davis,46,90302 Garcia Parks,Bethbury,Texas,36518,-83.111786,15.407144
Richard Collins,35,840 Danielle Roads Suite 637,East Lisashire,South Dakota,31006,3.774586,-85.876267
Hannah Anderson DDS,64,6738 Hannah Landing,Lake Erin,Indiana,96507,19.222227,54.767225
Donna Ho,72,22422 Luke Stravenue Suite 434,Armstrongmouth,Indiana,93308,-35.436185,-44.0485605
Dr. Krista Cole,32,967 Hanson Skyway,Alicestad,Massachusetts,77269,-131.789613,-30.495560
Jason Roberson,36,4736 David Shoals,Cardenasborough,Massachusetts,38790,148.890390,1.756103
Angela Butler,53,9872 Tara Islands Suite 030,Port Toddtown,Massachusetts,37886,-109.756459,-69.9986865
Tony Arnold,79,4321 Montgomery Plaza Suite 380,Bradfordport,Alaska,21334,162.331961,2.798286
Vanessa Smith,19,487 Powell Villages,Staceyland,California,33675,24.498752,-71.5606935
Michael Garcia,65,887 Ward Ford Suite 263,Gregorymouth,New Jersey,14409,-79.291911,-6.965336
Nicole Anderson,45,188 Walsh Mill Apt. 430,Vaughnton,Alaska,72007,-114.409560,2.0317515
Melissa Mccann,66,706 Jessica Groves Apt. 385,North Angelaborough,Colorado,89365,146.548623,48.765530
Dr. David Brown,77,130 Montgomery Highway,New Marcia,Nebraska,71945,75.636412,10.771486
Dr. Amber Taylor,79,75637 Matthew Key Apt. 381,Lake Evanstad,Florida,70372,-10.068480,-81.970731
Lee Nelson,22,80335 Bailey Shoals Suite 664,Jonesberg,Tennessee,29586,108.387428,-0.8611375
James Morrow,39,09028 Steven Brook Apt. 946,East Todd,Rhode Island,48747,1.938605,-55.128444
Nicholas Collins,41,3786 Torres Forest,East Aprilland,Oklahoma,39953,25.732511,-68.035347
Lisa Johnson,47,6434 Turner Junction Suite 709,Lake William,North Dakota,79356,138.437824,66.9889615
Glen Myers,49,44104 Munoz Prairie,Gregorychester,Maryland,98441,-135.070995,24.9168495
Rachel Wilson,80,8024 Jacob Lodge Suite 084,Yolandabury,Maine,58636,113.320231,-49.8366055
Jennifer Campbell,68,972 David Ranch,West Michaelfort,Oregon,81887,87.365928,24.412063
David Mitchell,63,66446 Colleen Lock Suite 515,South Johnton,Tennessee,65272,-5.899923,44.987891
Christopher Mckenzie,53,073 Howe Forges Suite 683,New Rebeccatown,West Virginia,45832,-4.886654,3.6043955
James James,31,885 Justin Fields Apt. 098,Lake Mikaylaburgh,South Carolina,60434,83.426565,-24.2571385
Anthony Smith,46,327 Murray Dam Apt. 092,Matthewmouth,Indiana,62251,106.811866,-60.6474115
Theodore Jackson MD,69,134 Joseph Plaza Suite 684,Ryanton,Louisiana,07785,-82.018406,-31.210171
Brittany Moore,33,9073 Dennis Oval Apt. 711,Lake Jessica,Wyoming,54787,75.618086,-56.4712925
Joseph Jackson,32,518 Massey Divide,Joseville,Oregon,12457,-90.570729,-36.1476715
Bryan Wheeler MD,55,4926 Miller Forges,Alexanderberg,Maine,60846,133.200519,84.460221
Andrew Nguyen,39,98819 Desiree Roads Suite 231,Port Tracyburgh,Utah,30670,102.563797,87.5980065
Matthew Waters,19,636 Alexandra Springs,North Nathanfort,Washington,28844,-49.122471,-47.1743945
John Barnes,80,5167 Castillo Village Apt. 978,New Monicafort,Nevada,96803,-120.599537,20.138685
Joshua Harris,37,88769 Leonard Roads,Port Amy,Kansas,15272,113.439526,-48.0179945
Emily Drake,45,17434 Holder Mountain,Michaelmouth,Illinois,26641,140.019466,84.4647355
Nathan Sandoval,20,896 Daniel Road,North Mariah,Nevada,98008,96.219927,-85.873893
Preston Hunt,29,545 Christine Mission Suite 176,East Sierra,Mississippi,47818,55.101924,36.681821
Shannon Pineda,60,021 Gonzalez Hollow,Tammyville,Wyoming,54343,81.468799,2.974570
Jonathan Mendez,59,74598 Norton Causeway,North Kathleenfort,Mississippi,34045,49.390874,-33.845512
Shannon Garcia,76,200 Robin Station,North Willie,Montana,44893,-109.743967,88.7461075
Andrea Holmes,77,06990 Taylor Tunnel Apt. 951,Rodriguezburgh,Connecticut,45692,-153.485859,42.6604825
Rhonda Schultz,33,9317 Andrew Hills Apt. 747,North Travis,Maryland,84293,-80.767559,-10.589099
Angela Martinez,49,3484 Briana Gateway,Lake Brittanyfort,Kentucky,26490,64.120889,-16.8943445
Veronica Robinson,76,0190 Bradford Harbor Suite 059,Stevenberg,Delaware,54182,-29.151811,-32.4222615
Joshua Sutton,79,1554 Green Unions Apt. 576,Lake Michelechester,Arkansas,76429,78.081702,21.502796
Shaun Moreno,60,9219 Mackenzie Trail Suite 884,South Debbieview,Hawaii,32135,40.305944,82.1244065
Charles Richardson,22,072 Pacheco Manors Suite 936,New James,Nevada,85912,98.515801,86.0222975
Paul Harrison,27,6449 Moreno Divide Suite 043,Sheliaborough,Virginia,52329,-129.611697,-55.7643405
Randall Castaneda,42,3528 Steven Ville,Katiefort,Delaware,33332,154.470954,-32.797420
Stacey Hanna,67,670 Sparks Fork,Wrightstad,Nebraska,15532,8.330624,39.8387785
Dr. Marissa Norris,65,2665 Linda Spur,Feliciafurt,Kentucky,89348,-78.275599,-86.7521305
Sara Richardson,66,9525 Fernando Port,Lake Sarahaven,Ohio,15121,51.315861,50.473833
James Parrish,57,1220 Jackson Street,Johnbury,New York,25745,109.283617,21.627723
Ashlee Larson,60,894 David Camp Apt. 979,New John,Michigan,51939,-44.051506,58.2206655
Kelly Thomas DVM,62,39919 Stewart Ford Apt. 501,North Richardberg,Florida,24372,-146.270090,-68.1002075
Ashley Parsons,24,407 Warren Rapid Suite 774,South Michael,New Mexico,51127,162.239637,27.1875155
Jessica Parsons,48,019 Jimenez Gateway,Chapmanstad,Virginia,56329,6.251230,79.6626365
Richard Ryan,71,3802 Jill Roads,West Kimberly,West Virginia,05236,44.163363,48.3177735
Haley Carter,62,50492 Molly Falls,East Kelly,Oregon,64468,-43.749965,34.4953005
Johnny Flores,25,9341 Regina Corners Apt. 531,West Alexandra,Minnesota,50895,37.636062,-44.9144385
Carla Mendoza,62,1972 Jim Spring,New Jason,New Hampshire,85807,-2.317790,21.0518095
Eugene Henderson,41,22610 Bennett Knolls Apt. 901,Kellyton,Virginia,41876,14.553497,0.603074
Lisa Howell,35,428 Brittany Groves,Julietown,Michigan,36554,26.052855,9.156549
Heidi Nelson,72,2572 Bell Manor Suite 662,North Samantha,Ohio,05085,34.046688,78.723489
Billy Lloyd,77,646 Moody Club,Richbury,California,54467,15.879593,-36.506467
Tammy Baird,28,70540 Brittany Street,Mcneilshire,West Virginia,93135,48.162515,60.7293645
Richard Deleon,59,56925 Mark Extensions Suite 124,Jonesbury,North Dakota,48885,94.565842,59.301428
Mr. Jeffrey Molina,55,138 Patricia Turnpike,Robertashire,Arkansas,01025,-117.028561,-15.225071
Vincent Guerrero,48,113 Richard Neck Apt. 472,Wilsonmouth,Iowa,64181,21.446328,35.9818835
Tony Reynolds,56,865 Gibson Creek,South Jasmineshire,South Carolina,13303,39.697817,-61.2277335
Matthew Williams,70,8976 Kristen Mountain,Reedview,South Dakota,53505,-38.062724,41.8235805
Matthew Kelly,46,1440 Harrison Haven,North James,Illinois,28664,118.797541,-84.453754
Diane Sutton,68,5784 Walsh Ridge Suite 426,East Angela,North Carolina,02427,-91.549089,-6.6977295
Bradley Douglas,47,110 Brooks Burgs,Jeffreyhaven,New Hampshire,39626,-59.971644,-35.7272925
Allison Jackson,75,6440 Terri Spring Apt. 168,Bethbury,Indiana,61148,-97.182739,-86.0675045
Aaron Nguyen,72,2065 Anderson Motorway,Kylemouth,Pennsylvania,96083,7.442697,6.404489
Mr. Terry Wong DDS,58,9933 John Parkways Suite 848,Contrerasstad,Utah,95411,78.535295,29.810311
Jason Benjamin,31,4649 David Keys Apt. 696,South Leemouth,Tennessee,47710,-176.143263,-65.6324535
Seth Brooks,39,1862 Brittany Road,Charlestown,Virginia,11660,-122.604468,-66.637277
Kylie Smith,62,143 Donald Brook,New Toniland,Montana,88559,-65.742787,87.6466355
David Garrison,20,4997 Jones Grove Apt. 919,Brittanybury,Rhode Island,69849,95.822893,-53.912625
Sarah Grimes,32,25629 Brown Parks Suite 113,Bennettmouth,Arkansas,14995,-172.315938,55.1248865
Michael Gonzalez,50,817 Huerta Views,Cynthiaview,Montana,64240,41.688995,-49.978531
David Kaufman,67,3100 Teresa Cliffs Suite 287,Joseburgh,New York,42304,-92.468938,-25.9756075
Stacie Gould,35,7909 Sarah Village Suite 317,Schmidtborough,Utah,70367,-112.493375,13.231016
Kristina Tapia,62,68727 Eric Loop Suite 616,Patrickmouth,New Jersey,79731,-37.900220,47.9664115
Danielle English,46,26308 Romero Ports,West Jeremytown,Virginia,04071,-178.074544,-59.403942
Daniel Smith,73,520 Hess Parks Apt. 999,Robertsshire,Missouri,66779,-86.903428,89.218781
Brian Tate,77,440 Micheal Coves Apt. 265,Simmonsland,Alabama,30754,27.287217,6.030845
Carol Williams,62,6984 Brown Well,Smithtown,Maryland,21418,43.420547,64.8117375
Derrick Jimenez,19,10931 Cody Summit Suite 358,South Matthewfurt,Washington,66265,-72.903530,-16.9999455
Stacy Hernandez,65,80781 Joseph Fields Apt. 050,New Kimberly,Indiana,88734,55.431164,-62.647056
Michelle Johnson,55,379 Jill Crossroad,Richardsberg,Pennsylvania,76320,162.805923,35.3370715
Dustin Roberts,40,3934 Williams Lane,Martinezton,Maryland,60844,78.525185,-37.826266
Anthony Wallace,19,301 Thomas Neck,North Troy,Texas,67563,154.050847,-83.6018115
Benjamin Cooper,52,4810 Caitlin Shores Suite 822,Port Williamchester,Washington,17623,-68.754845,-14.950164
Michael Valenzuela,52,685 Stewart Place Suite 040,North Marthaton,Delaware,65613,-161.830701,-60.113282
Leslie Bailey,80,4931 Walker Brooks Suite 247,Lisafort,Ohio,83419,-72.427596,-4.976647
Nicholas Scott,80,672 Julie Pines,North Jared,Kentucky,85511,-6.769615,45.2555935
Amy Johnson,58,5316 Ryan Land Apt. 857,Phillipsfort,Connecticut,44145,-54.412940,47.620853
Jennifer Whitaker,41,37929 William Mountains,Christineshire,Maryland,41643,-148.936106,6.0495415
Brian Ray,36,345 Jennifer Valleys,Jonestown,Vermont,66834,-114.301174,-19.3879425
Lindsay Morton,67,8372 Russell Mountains Apt. 258,New James,New York,38936,51.537282,-25.6856125
Alison Bryant,58,93152 Martinez Streets Apt. 004,Meltonburgh,Hawaii,65262,143.851888,-23.039647
Jennifer Rivas,55,84769 Hernandez Station Suite 861,Lake Heathermouth,Mississippi,62429,108.580785,-42.2611265
Molly Mueller,42,8734 Rachel Knoll Apt. 160,Victoriaborough,South Carolina,85880,158.085193,-81.5344105
Norma Patterson,72,5959 Watson Courts,Joshuastad,Nebraska,61645,-149.870713,-82.9549905
Catherine Kent,69,912 Brian Forest Apt. 045,South Andreaberg,Arizona,56382,-151.933366,83.439286
Dawn Jones,64,369 Cynthia Ports,Lake Regina,Iowa,62037,123.267332,-3.656421
Adam Armstrong,27,83091 King Rapid,Nicoleton,Michigan,64372,-112.121230,77.859536
Andrew Schultz,66,82878 Arnold Port,Port Sara,Arizona,96125,123.961279,76.659141
Katherine Santiago,31,64681 Jennifer Island Apt. 319,North Jeffrey,Arizona,47919,102.288597,10.972842
Angela Cruz,60,47916 White Gardens Apt. 645,Heatherhaven,Minnesota,85290,-157.569779,34.8815755
Andre Bryant,21,205 Wesley Parkway Apt. 939,Port Cathyberg,Tennessee,08759,-9.950663,87.932266
Emily Johnson,30,85352 Shannon Road Apt. 173,Bethanymouth,Wyoming,71884,-153.157512,30.996950
Karen Glover,66,908 Andrew Plaza,Davidsonstad,Indiana,67587,-166.553256,-88.5741215
Heather Guzman,64,46797 Young Island Suite 739,Edwardsview,Utah,06860,-19.680905,-14.1898295
Chloe Leach,36,012 Alan Keys,Jeffreyside,Vermont,75802,-166.886380,67.0260935
Jeffrey Munoz,21,0544 Anna Lakes,Wardburgh,Massachusetts,41834,4.526319,-84.271294
Adam Clark,50,563 Tamara Ports Suite 676,Port Kimberly,New Mexico,54927,48.326219,11.316896
Eugene Turner,79,637 Douglas Center,Holmestown,Alabama,18978,-114.814358,37.1473435
Erin Lee,31,4471 Garcia Track,Garcialand,Colorado,27538,-113.989679,-88.6149425
Dr. Paul Jones,23,5320 Megan Isle Apt. 078,New Erikafurt,Indiana,32168,13.881117,-17.098621
Katie Dean,56,7524 Duncan Camp,South Darleneville,Rhode Island,03413,-130.394723,-35.1925875
Nathaniel Hamilton Jr.,25,2388 Wilson Center Apt. 994,Onealfurt,Iowa,43912,174.736859,73.8479965
Jennifer Jackson,51,116 Espinoza Walks,Davismouth,Florida,75718,131.173389,-30.6656865
Rachel Mills,31,88789 Cohen Prairie Suite 896,Phillipport,New Jersey,65644,96.135961,-3.2749515
Teresa Bridges,68,686 Cook Club,Trevinoland,South Dakota,69530,-133.451655,-3.8960865
Kevin Estrada,29,186 Sue Stravenue Apt. 769,Campbellmouth,North Carolina,05095,-7.614370,83.6846215
Kimberly Johnston,23,31694 Janet Terrace,New Richardbury,Rhode Island,10555,-164.158495,4.599988
Charles Ellis,67,13510 Lane Oval,Jonathanview,North Carolina,15328,87.148347,71.771695
Tony Hurst,64,1978 Lowe Cape,North Danielville,Pennsylvania,38164,-45.510307,76.5705075
Andrew Garcia,67,22039 David Rapids,Morganmouth,Colorado,18876,12.745662,54.9437315
Elizabeth Wallace,33,752 Leah Estate Suite 611,Roberttown,Arizona,31221,-127.528217,-12.0580995
Jeffrey Parker,33,37405 Katherine Shoal Suite 374,Beckfurt,Nebraska,82948,-92.489272,31.4574685
Jon Scott,66,0654 Chambers Gardens,Martinport,Kansas,52400,57.062777,40.3049585
Mathew Davis,57,144 Stephen Fall,North Anne,Idaho,40253,25.238355,-50.511380
Brent Hughes,40,3375 Gregory Rest Apt. 600,Jenniferburgh,Massachusetts,05882,-9.811800,30.1816965
Angela Wagner,73,98502 Morales Manors,North Maria,Vermont,59084,-143.886034,-70.113493
Lindsey Shields,50,6703 Dawn Gateway Apt. 382,Elizabethton,South Dakota,27302,-125.948344,-48.953592
James Pearson DDS,37,82268 Peters View Suite 865,New Kimberly,Colorado,74721,-148.886185,-49.842475
Dana Rodriguez,52,11465 Duffy Rapids Apt. 924,Krausetown,Montana,79262,164.696898,-89.579051
Evan Farley,58,97586 Hughes Run,Candacefort,Utah,41913,-109.389873,-87.0386145
Ruben Gibbs,54,187 Alexander Mill Suite 883,West Laura,Vermont,14165,1.206744,-0.5403075
Regina Martin,60,204 Jeffrey Coves,West Brandon,Indiana,12940,-49.110387,-0.5523545
Angela Ingram,69,85400 Lisa Trail Apt. 137,West Lauren,Washington,32513,-92.941086,-10.8793755
Valerie Kennedy,38,287 White Pike Apt. 697,Lake Jocelyn,Arkansas,33029,-67.072640,-85.9813195
Amy Oneill,62,52393 Tyler Village,Adkinsmouth,New York,38179,-72.668258,-79.514165
Kristine Berry,73,6646 Melissa Forks,Yolandaport,Minnesota,18014,59.510900,-81.049735
Robert Stanton,69,3340 Reeves Ways,Sawyertown,Colorado,37863,-139.797546,48.3523015
Michael Wright,35,124 Arias Hill Apt. 756,Georgeshire,New Mexico,79337,-36.647930,66.426641
Andrew Fitzpatrick,65,250 Caroline Inlet,Johnsonfort,Hawaii,28115,59.108280,31.4613635
Chad Johnson,52,638 Tonya Pine Apt. 466,Hickmanbury,Missouri,43616,-50.769695,-13.2788965
Mr. Kenneth Strickland,26,31860 Warner Pines Apt. 390,Christopherburgh,Nevada,28428,169.482385,-77.820434
Jonathan Hayes,41,6745 Vicki Village Apt. 518,Lake Ericaside,Oregon,53314,-155.770242,55.2268265
Rebecca Rios,67,7763 Bowen Mission Apt. 477,Mitchellchester,Rhode Island,79877,-125.960250,-0.039823
Renee Larson,73,1147 Kenneth Burg,South Marissafort,Maryland,91959,8.542683,-81.728670
Joshua Massey DDS,54,7732 Terry Trail Suite 756,Johnhaven,Arkansas,17417,-76.323294,-55.085961
Cheryl Dawson,45,1086 Holder Parks Apt. 953,East Christopher,Nebraska,28937,12.211732,89.701877
Sean Salazar,24,7686 Anthony Turnpike Suite 610,East Katherine,Florida,51788,-8.198584,-22.970833
Cameron Mathis,65,8880 Taylor Curve,Freemanchester,Georgia,62066,102.238716,8.9126225
Erica Espinoza,61,0856 Marc Spurs Suite 337,Pricefurt,Wyoming,83149,-61.825394,-64.577127
Jennifer Smith,63,196 Laura Manors,Bruceport,Nebraska,14650,6.202725,14.909232
Dale Humphrey,75,6404 Moore Corner Apt. 114,East Justintown,Florida,86591,38.327954,59.070422
Joseph Lopez,34,929 Lee Corner Suite 160,Port Jonathan,South Dakota,92323,-115.577129,10.682790
Blake Lewis,79,157 Teresa Turnpike Suite 110,Port Williechester,Maine,08870,-120.456740,20.9082425
Seth Lewis,63,4065 Thomas Crossing Suite 380,Woodsbury,Hawaii,83387,85.226068,-50.7916945
Kyle Butler,66,4799 Jones Fork,Rebeccaville,Oregon,31537,2.522940,-37.8285975
Amy Hahn,52,74606 Hines Cliffs,East Angelachester,Wisconsin,32590,132.008732,88.4912135
Michael Ochoa,21,224 Thomas Coves,Greeneshire,Pennsylvania,97590,155.261690,-73.1766215
Evelyn Farley,46,65711 Perez Road,North Sandrafort,South Carolina,38203,-85.670654,45.8898865
Steven Cochran,58,347 Simpson Trace Apt. 665,Patrickfort,Montana,92261,179.230974,-72.662639
Patty Jackson,56,351 Pamela Hills Suite 037,Brandonville,Maryland,94505,29.160521,52.5010705
Mark Green,77,9546 Miller Pike Apt. 813,Nelsonville,Idaho,58492,99.349901,41.198604
Cynthia Molina,18,49855 Erik Field,Blackmouth,Kentucky,81450,15.845075,56.4835365
Caitlin Blanchard,68,4069 Melissa Skyway,Andrealand,Vermont,28784,47.024421,-22.921313
Michelle Rodriguez,74,9496 Poole Locks Suite 781,Ballside,Alabama,71109,-102.750857,-12.0582725
Norman Hogan,65,47627 Wolfe Lane,East Ericport,Louisiana,92805,19.840259,-14.585115
Lisa Castillo,50,4693 James Camp,West Angela,Connecticut,87619,-16.912977,67.9926465
Roberto Townsend,54,1064 Davis Corner Apt. 330,East Latoya,Florida,71109,122.832482,-63.980362
Kristie Jenkins,47,3979 Christine Rest,Lake Melissa,Delaware,58002,-178.500269,34.5594245
Joseph Wilson,50,59874 Sonya Brook Suite 647,Petersenfurt,Washington,98998,173.625283,-65.5387435
James Jones,60,49182 Franklin Mission Apt. 729,Perezberg,Oregon,11657,134.790886,36.866657
Courtney Mcdonald,80,4800 Melvin Manor Suite 610,Rickychester,West Virginia,75086,-61.138478,-22.0935295
Kelsey Adkins,79,6282 Robert Run,Ryanstad,Minnesota,96982,-78.650935,4.158460
Kathleen Murray,66,551 Gregory Greens Apt. 009,Christineberg,New Hampshire,92406,151.285768,-3.6256855
Alexandra Cook,35,2614 Alfred Row Suite 717,North Alexandria,Mississippi,54699,-32.589577,50.111773
Joel Dominguez,34,485 Sarah Pike Apt. 103,Hendricksmouth,Arkansas,80382,120.011219,74.2659205
Gloria Grimes,25,200 Derek Turnpike Apt. 469,Port Gregory,North Carolina,29709,-52.618217,-52.761754
Justin Meyer,32,9860 Andrea Glen Apt. 233,Mitchellside,Hawaii,09784,-42.673858,18.1159725
Mario Alexander,30,552 Michael Viaduct Apt. 824,Wisechester,Connecticut,44698,162.235986,-13.7719575
Emma Acevedo,49,52623 Miller Spur,Johnsonstad,Texas,69257,-155.460549,-27.1352355
Rebecca Burke,34,4274 Daniel Walks Suite 042,Christopherbury,South Carolina,38530,67.728838,-59.414134
Tina Rojas,28,977 Santiago Falls,North Christophermouth,Wisconsin,49543,-148.787061,62.118265
Mary Lindsey,64,11716 Robert Lakes Apt. 383,Josephmouth,Utah,71003,-93.983933,50.492626
Michael Myers,68,65892 Galloway Mount Apt. 666,West Robert,Nevada,13992,-90.522594,-41.643918
Alicia Harris,40,523 Amanda Glens,Victoriahaven,Mississippi,60942,-137.680733,-7.207355
Michael Gonzalez,49,90948 Matthew Falls,South Susanmouth,South Carolina,81124,-21.270139,-3.620364
Daniel Cantrell,44,517 Foster Creek Apt. 732,Whiteheadport,New York,28138,165.459780,-83.2308065
Renee Jones,41,037 Barrett Mall Suite 595,Harrisonbury,Iowa,03876,-46.195410,-55.371122
George Cruz,65,112 Courtney Spurs,Briannaberg,South Dakota,10559,-114.894033,46.463832
Nathan Johnson,64,91589 Underwood Street Apt. 843,Jeffreyport,Connecticut,65474,-20.721504,28.2405355
Joshua Hamilton MD,40,2176 Walton Highway,Port Travishaven,New Hampshire,66101,25.478062,39.1374525
Lauren Taylor,77,133 Carney Dam,Michaelchester,Georgia,94328,29.041496,-55.5373765
Richard Combs,36,17903 Hannah Coves,Lake Briannaside,Arkansas,95894,131.125057,40.946529
Charles Johnson,76,0979 Frazier Camp Apt. 108,Pettyberg,South Carolina,92725,-13.086520,-37.6296035
Victor Oconnor,46,5238 Juan Port Suite 205,Rowestad,Idaho,07281,-71.608242,73.859687
Adrian Shah,56,1873 Susan Drive Apt. 946,Port Thomasshire,South Carolina,34186,-146.761456,1.529638
Bryan Decker,30,242 Kyle Roads Suite 887,Port Clarence,Maryland,02403,101.737375,67.9012925
Sandra Torres,32,3031 Woods Cape,Boltontown,Idaho,99250,-76.519419,20.7808295
Kimberly Williams,33,0449 Rivera Viaduct Suite 994,New Marcus,Indiana,15119,-160.565268,-50.069921
Kimberly Walker,38,6682 Hoffman Landing,Garciaburgh,Washington,51093,83.207820,61.8409855
Michelle Richmond,60,0574 Hull Radial,Jeffside,Texas,88315,-77.807416,-48.3496595
Stephanie Reilly,24,7134 Joy Village,Myersland,Pennsylvania,19054,-176.386109,77.668020
Michael Bowman,62,877 Steven Park Apt. 958,Gabriellehaven,Wisconsin,71180,-41.303222,-28.7289355
Brian Powers,31,841 Hansen Neck Suite 369,Smithshire,Minnesota,53840,-173.980946,-15.562108
Clinton Sims,36,1007 Joshua Knolls Suite 354,Spencermouth,Montana,87124,141.252351,31.303541
Michelle Neal,44,69141 Matthews Trail Apt. 811,Carrilloland,Georgia,68155,-134.025512,-69.5005715
Maria Rodriguez,36,0857 Hart Union Suite 768,West Carolyn,Nevada,94003,176.479752,-39.546956
Natasha White,61,940 Diamond Track Apt. 042,Kingshire,Nebraska,27448,-169.768548,70.261283
Yvonne Matthews,34,07055 Patton Ports Apt. 361,New Darrellton,Connecticut,88518,-170.862224,-29.9101685
Jennifer Daniel,52,372 Rachel Path,South Benjamin,Tennessee,00964,11.615215,-1.5355115
Ann Davis,72,580 Harris Vista,Aaronstad,North Dakota,53200,22.833433,-6.9743315
Colin Pearson,71,88122 Juarez Pines,Brandonborough,Kansas,48515,-176.620018,16.750204
Melvin Smith,60,213 Bennett Land,South Susanville,Hawaii,73876,-29.839625,86.4089915
Scott Schwartz,68,0218 Gray Drive Apt. 873,East Kerri,Louisiana,67951,-12.504631,-44.6304315
Cody Romero,77,4817 Samantha Throughway Apt. 845,Brandonshire,New Hampshire,11736,98.866244,74.8914045
Kenneth Kelly,74,27174 Crawford Wells,Port Biancaburgh,Oklahoma,09932,-101.046915,-76.9319755
Kathleen Evans,72,855 Ruth Cliff,East Christopher,Illinois,38679,-79.732392,35.7761865
Kristin Myers,56,610 Lucas Garden Apt. 259,North Veronicafurt,Nevada,89989,100.355947,42.855298
Melissa Escobar,41,81507 Contreras Field,South Andrew,Nebraska,42201,-131.484082,-53.9661615
Carla Mahoney,58,28079 Shannon Mill,New Richard,Mississippi,83909,59.241532,-39.957950
Nathaniel Garcia,70,939 Hart Crossing,Port Adamton,Virginia,70636,-172.939736,-83.627140
Robert Kerr,53,740 Moreno Rue,West Johnborough,Missouri,34363,-11.635238,23.7005025
Michelle Underwood,62,2249 Sara Junctions Suite 029,Lake Annside,New Hampshire,18797,-39.590755,22.0008795
Brenda Booth,75,08109 Horne Underpass,Port Bobby,Alaska,66303,-98.230454,37.3818955
Brandon Love,76,4262 Hinton Summit,North Andrewtown,Connecticut,47938,174.103744,-84.936287
Julie Patterson,68,0795 Carlson Corner Apt. 349,Floresland,Iowa,98522,-4.914493,86.133042
Jonathon Martin,76,7595 William Fork Suite 090,Port Lisaberg,New Jersey,43657,-178.991198,-51.996133
Brian Buchanan,65,965 Alex Vista Apt. 994,Ashleyburgh,Mississippi,72338,86.433869,33.759686
Amanda Knapp,68,3503 Strong Skyway Suite 163,Ericberg,Oklahoma,69419,-171.142742,88.287158
Eric Baldwin,74,2553 Watson Inlet Apt. 398,Mendozaville,Nebraska,25277,52.530012,-7.119335
Miranda Stone,78,595 Gilbert Parks Suite 154,Jonesfurt,New Jersey,90528,155.583479,60.281748
Kara Taylor,51,2458 Sheila Route Suite 669,Catherineberg,Missouri,82662,103.068233,-78.898011
Carlos Marquez,60,5796 Williams Drive Suite 802,Deborahland,Maryland,61223,69.410090,6.7158975
Christy Sanders,55,128 Mark Forges Suite 968,Johnstad,New Hampshire,23935,3.905247,69.4276595
Crystal Burton,22,1385 Newman Point,East Nicholas,Alaska,49474,-87.904939,57.686125
Connie Hogan,39,987 Mackenzie Junctions Suite 725,South Jamesside,Arkansas,61783,-63.272826,23.6539195
Danielle Cooper,71,355 Morgan Road,Port Karenchester,Nevada,91765,85.254694,-25.541228
Jacob Woods,52,27257 Jones Port Apt. 324,Lauramouth,Pennsylvania,64269,7.428451,-73.6637525
Taylor Wilson,63,84745 Meredith Valleys,Cobbside,Alabama,22005,88.104103,-30.4727365
Sarah Terry,34,802 Melinda Turnpike,Jacksonfurt,Arizona,60158,161.453144,24.4789165
John Frost,39,2707 Brown Neck,Johnport,Minnesota,28973,166.487873,72.4445625
Nicholas Cross,77,947 Frank Ridge Apt. 359,East Ronaldstad,Alabama,04473,45.998930,48.369089
Rodney Terry,48,630 Riley Station Suite 124,Nathanburgh,Wyoming,41477,-50.232484,44.8371615
Laura Rodriguez,54,24665 Matthew Forks,North Barbara,Iowa,31007,114.566677,44.6717105
Bobby Singh,74,9709 Gomez Forks Apt. 625,East Natashaburgh,Rhode Island,05174,38.492315,76.0740065
John Kim,60,3042 Colleen Mission Suite 663,Warnertown,Rhode Island,33043,-124.565614,16.3987455
Paul Terrell,62,88098 Travis Circle,Hinesburgh,California,11346,86.105296,-76.0254205
Lindsay Christian,63,07694 Watkins Lock Apt. 902,Jerrybury,Connecticut,46512,174.680795,10.7362625
Tabitha Richmond MD,34,2227 Michael Stream Suite 359,Tonyaland,Maine,52153,152.882652,26.306650
Hunter Morrow,33,978 Amy Canyon,Thompsonshire,Illinois,01020,-134.053740,-76.280430
Christian Taylor,26,65022 Donna Inlet Apt. 608,Rebeccatown,Virginia,03765,139.462597,41.113231
John Walker,29,280 Armstrong Springs Suite 858,New Walter,Minnesota,53744,114.672566,87.110882
Heather Carpenter,64,0717 Robles Point,Lake Thomaschester,Louisiana,86925,-104.682957,-11.9434445
Erin Smith,72,991 Steven Centers Suite 778,Mcguireshire,Arkansas,02017,62.345574,-76.249638
Brandi Bowers,33,328 Taylor Valley Apt. 305,Palmerland,Arkansas,60652,35.681442,-27.4062575
Molly Fleming,76,6468 Moreno Isle,East Jonathan,Florida,27111,21.060399,87.454874
Jackson Mahoney,47,5644 Thompson Alley Apt. 922,South Emily,Louisiana,60658,-30.944921,50.9215105
Mr. David Taylor,26,155 Robert Place,Josephview,New Jersey,48423,136.706766,-37.9530135
James Bean,61,093 Douglas Haven Suite 141,Tracyburgh,Idaho,70834,-178.882677,-17.2646805
Richard Jones,67,15565 Fuller Trafficway,Andreshire,Pennsylvania,69989,110.134406,6.3428595
Thomas Cruz,71,278 Livingston Junction Suite 059,Braytown,Wyoming,74653,-14.404478,48.0510935
John Williams,43,5780 Elliott Estates,Tammyhaven,Louisiana,72162,-55.121828,14.5610325
Kristen Brown,61,52111 Lewis Parkway Suite 990,Nelsonland,Washington,38783,-178.342234,-48.5408685
Lisa Rogers,39,77412 Young Center Suite 052,Atkinsonberg,Virginia,11438,-143.072348,-77.7655955
Lisa Carrillo,67,888 Schneider Terrace Apt. 395,Lake Morganland,Oregon,93265,124.906367,37.7707755
Alexis Hunt,76,35649 Cherry Streets,Brianport,Alabama,45557,-105.527065,55.827702
Chelsea York,44,10408 Sanchez Streets,Stephaniechester,Kansas,49815,156.080498,29.147643
Jennifer Hale,54,3635 Tiffany Villages,Port Arianafurt,Delaware,13411,165.977445,16.744322
Kimberly Mueller,36,39761 Carla Hill Suite 825,South Ronald,Minnesota,79622,-83.115477,-23.107909
Daniel Herrera,45,670 Joshua Glens,New Sherylborough,Rhode Island,65796,-19.760841,-88.217529
Michelle Morris,61,0555 Calderon Keys Apt. 570,South Davidshire,Missouri,73768,72.309749,32.753044
Denise Robertson,57,730 Barber Port Apt. 261,Port Madison,Idaho,49357,153.117967,68.3430475
Nicole Young,25,150 Nicholson Harbors Suite 037,Brianchester,North Dakota,80311,158.857230,-37.771772
John Sloan,19,18192 Smith Drive,South Anthony,Nevada,28928,-175.551991,-6.315763
James Smith,64,82121 Harrell Plaza Apt. 240,Margaretmouth,Nebraska,01615,-47.434557,-67.080639
Brian Smith,38,22958 Wagner Mews,Davidview,Tennessee,32643,-141.739591,12.5970315
Daniel Johnson,80,00857 Mary Club Suite 638,Portermouth,Maine,72284,131.980558,-62.608203
Mark Murphy,73,0116 Joseph Brooks,New Jeffrey,Illinois,41497,105.478094,64.978431
Kimberly Anderson MD,27,210 Collins Road Suite 255,South Tara,Hawaii,86120,-11.250144,17.3109965
Phillip Chavez,40,427 Koch Mill,Paulland,Kentucky,69561,106.921788,63.030754
Elizabeth Walker,43,95184 Sarah Plains Suite 557,South Kevinborough,Virginia,09975,-169.139532,45.574811
Laura Shaw,19,059 Lindsay Lodge,East Kristin,Texas,98990,-161.573806,-57.788834
Regina Preston,29,075 Taylor Crest Apt. 009,New Courtneyview,North Dakota,79020,179.672557,-66.123851
Monique Giles,24,18574 Ward Villages,Cookfurt,Oregon,60685,-11.593936,-12.789422
Dylan Wilson,41,462 Taylor Road,Morenoton,Michigan,64988,156.424846,60.985900
Zachary Johnson,55,57023 Lance Plain,North Denise,Idaho,75559,-92.828361,72.8507505
Mark Schmidt,34,6825 Shannon Fort Apt. 260,South Michelleburgh,Florida,26929,-140.661244,-83.394427
Nicole Moreno,26,58367 Amy Meadows,Lake Sherry,Maine,57954,25.981148,49.7839555
Nicholas Long,75,841 Brian Stream Suite 044,Wilsonberg,New Hampshire,92703,114.384385,-17.150912
Jamie Barron,78,48835 Tanya Burg Apt. 081,Huffmanbury,Missouri,12219,90.028995,75.314186
Cynthia Howell,22,76204 Macdonald Wells,Davidberg,Tennessee,39385,-164.518262,-38.6823195
Gary Adams,19,3179 Heather Passage Apt. 173,West Rodney,Maine,91996,176.152930,-3.712597
Erica Moore,27,9088 Alan Oval,Lake April,Massachusetts,72068,-168.901448,47.5914665
Maria Cole,79,45038 Solis Way Suite 585,Olsonmouth,Utah,19868,110.046014,61.1500165
Christopher Morales,30,02242 Timothy Light Apt. 986,Castillomouth,Ohio,46265,130.039726,-10.1749925
Nathan Dawson,34,46330 Jeffrey Light,New Brianshire,Mississippi,70235,52.755419,-0.5629405
John Harris,77,917 Eric Union,Hurleychester,Maine,05625,131.222920,-4.238192
Robert Downs,25,9556 Montoya Rest Apt. 819,Port Dianatown,Maryland,48319,-17.520494,-30.3461295
Lori Martinez,74,808 Shane Hills,North Monicachester,Tennessee,72330,102.799561,1.164064
Amber Hamilton,65,0689 Riley Valleys Suite 941,Donaldsonport,South Carolina,50440,-137.528449,58.9144555
Samantha Hunter,79,3256 Aaron Islands,New Judy,Kansas,93498,-132.143957,-47.550519
Rebecca Galloway,44,5529 Cooper Land Apt. 960,New Frank,Vermont,93027,132.757022,5.031437
Carrie Jones,77,22142 Larry Flat,South William,Kansas,11610,156.029473,-59.690751
Hannah Miller,30,5924 Melissa Fall Apt. 706,West Stacey,Alabama,61321,-6.827914,46.4533395
Timothy Peterson MD,63,3074 William Vista Apt. 295,Leeborough,Idaho,86043,123.265549,13.7876185
Alicia Johnson,26,23419 Williams Canyon Apt. 058,Gonzalezchester,Florida,95126,-177.872988,73.1896795
Paul Dorsey,46,190 Jefferson Streets Suite 102,Sherryville,Tennessee,19365,94.311069,-19.378487
Sheri Dennis,27,49154 Brandon Bridge Apt. 223,Garrettborough,North Dakota,75321,2.113496,46.110542
Megan Phillips,52,822 Virginia Cape,New Jeffreyburgh,Idaho,01705,77.572122,1.933801
Mr. Marvin Johnson DDS,76,020 Daniel Ranch,Glassville,Kentucky,32955,163.157083,-52.9938375
Brian Diaz,71,47804 Laura Burg Suite 540,Heatherhaven,Colorado,65020,-31.427767,-62.5529685
David Kim,48,93059 James Corner,Lake Jason,Michigan,34167,19.996261,60.497343
Angela Mcclain,18,7113 Lopez Place Apt. 683,Lake Seanton,South Carolina,81738,-151.917199,26.949940
Veronica Pham,77,4557 Arnold Mews,Allisonfort,Missouri,53539,-43.738365,-83.336936
Eduardo Brooks,39,2097 Theodore Key,Port Donnaland,Alabama,49949,71.835762,47.1735665
Sara Gamble,48,9947 Evans Garden,Danamouth,New Jersey,80943,-118.878851,27.294021
Stephanie Moore,60,6061 Joseph Dale,Brewerfort,New Mexico,55110,-59.811446,35.4412815
Douglas Shah,39,98693 Johnson Radial,Claytonhaven,Arizona,79888,-75.376224,-27.888169
Mary Smith,41,03417 Heather Forges,North Charlesside,Virginia,12065,-45.750922,84.043576
Jimmy Watson,26,02996 Arnold Green,West Thomas,Montana,38493,-156.385018,-49.901628
Shannon Hernandez,46,95664 Denise Junctions Apt. 683,Port Nicolefurt,Delaware,78759,-13.158073,-86.7757565
Joseph Burns,79,422 Matthew Fort Apt. 522,Mariaborough,Ohio,09984,-119.760821,-89.021391
Jeffrey Brown,35,5206 Castro Spur,Jonathanmouth,Minnesota,12942,4.168692,86.978843
Kevin Turner,45,16427 Mccoy Ways,Davidland,Oklahoma,14513,36.037299,-74.3660235
Amy Garcia,30,2959 Martin Glens,Sancheztown,Nebraska,61101,101.561723,-29.633991
Michelle Williams,79,430 John Crescent Suite 124,Lesterstad,Nebraska,16252,178.472122,41.2351595
Bridget Manning,52,601 Dickerson Mountain Suite 420,Michaelmouth,Illinois,96477,11.536977,11.9346645
Melanie Pena,34,1216 Mcguire Club Apt. 392,Jennifershire,Maine,12983,-48.182262,-86.490272
Michael Kline,53,42115 Philip Motorway Apt. 523,Michaelmouth,Vermont,43500,-24.433370,-61.000399
David Reed,59,257 Simpson Locks Apt. 509,Port Ebonyburgh,Georgia,87947,15.325395,-46.3443965
Pam Mathis,64,2298 Annette Plains Suite 712,Tarachester,New Hampshire,17455,-172.934333,22.8398975
Richard Norton,79,564 Wong Trail,East Jodiside,Michigan,10760,-86.610246,5.3048565
William Brady,30,84303 Fred Track Apt. 789,Port Daniel,North Carolina,17369,124.788689,68.9186575
Melissa Colon,46,5998 Gay Valleys Apt. 931,Reyesmouth,Illinois,18038,37.855516,18.348014
Drew Guzman,49,646 Sarah Run Suite 987,South Susan,Wyoming,05976,-35.888030,73.9555545
Jose Bennett,34,681 Collins Walks Suite 253,Robertberg,Arkansas,99329,30.611877,27.0040275
Kelly Harris,39,6371 Davis Manor Suite 108,East Joshua,Ohio,38869,72.114340,2.792399
Justin Hansen,36,440 Mccormick Locks,Port Elizabethton,Illinois,53887,-104.428661,13.8311585
Luis Smith,65,314 Kevin Radial Apt. 039,Lake James,Oregon,50701,-125.772664,-58.8931355
Corey Dunn,43,2494 Chandler Passage Apt. 065,Port Rhonda,Rhode Island,06189,115.465471,44.9784585
Julie Lopez,34,312 Rebecca Ports,New Donaldchester,Texas,02065,-45.476393,14.361381
Monica Mayer,49,2812 Paul Locks,Cristinatown,Nebraska,48875,-88.729341,26.624736
Priscilla Rocha,41,7571 Mark Rapid,East Sheenaton,Tennessee,06318,-74.687593,-74.7705835
Julie Dawson,18,219 Cooley Ramp Suite 365,Sarahberg,Arizona,19868,166.456681,25.179180
Angela Flynn,79,8349 Bradley Fort Apt. 487,Garciaview,Tennessee,35954,6.658749,81.708681
Anthony Cook,24,001 Alicia Mission,West Tonyafurt,Tennessee,80676,139.746491,35.0052765
Dominique Davidson,24,1971 Sims Ridge,Johnsonberg,Pennsylvania,34050,-31.820531,-40.967943
Adam Jensen,49,471 Luis Glen,Clarkton,Arizona,75524,153.690092,-25.2947705
Julia English,74,7206 Sheila Squares,Strongton,Idaho,22682,121.614400,61.429783
Eric Smith,71,836 Devin Islands,East Williamchester,South Dakota,31557,-94.004575,-57.015134
Derek Morrison,33,8689 Hart Drive,North Jacob,Idaho,05777,-44.757402,-87.5201915
Vicki Sherman,53,134 Austin Lodge,Kevinmouth,Nebraska,66401,-133.374613,27.2910855
Nicholas Ali,38,0097 James Cliffs Apt. 082,Tabithaland,Connecticut,61012,-1.287047,52.795966
Terri Bass,28,170 Mary Throughway Suite 414,Greeneview,Maryland,52157,-150.911547,-79.362608
Lance Blair,80,0351 Riley Turnpike Suite 945,Port Javierborough,Maine,88694,-47.179599,-88.245290
Ray Rodriguez,40,25972 Nicholas Ridges,Mirandaview,New Mexico,59253,-158.957057,-31.5073875
Joseph Chambers,28,950 Shannon Avenue,Delgadoland,Delaware,64849,-108.035132,36.7719975
Ashley Gordon,61,60181 Miller Squares,Hallmouth,Texas,57009,73.350044,45.447717
Emily Pierce,54,775 Christopher Isle Suite 746,Crystalville,Massachusetts,42968,73.325339,64.7939245
Victoria Turner,67,1408 Ford Haven Apt. 002,New Joan,Connecticut,19043,-83.380196,-7.766508
Angela Reynolds,58,530 Deborah Fields Suite 003,West Cathyton,Montana,38934,-160.792572,85.802568
Anne Gardner,43,891 James Corner Apt. 452,North Jacqueline,Arizona,75182,-30.614504,-73.381450
Joseph Strickland,65,93258 Brown Route Suite 247,Wayneville,South Dakota,17761,-149.063445,-63.740588
Jesse Whitehead,62,03967 Diane Bridge,West Margaretfort,Kansas,57877,-161.956570,26.6138045
Jacqueline Costa,45,40500 Michael Union Apt. 195,Sandraville,Wyoming,06939,46.487436,30.6190245
Stephanie Alvarado,53,50582 Heather Ports Apt. 413,Blackport,Minnesota,43000,154.895232,46.1516065
Andrew Brown,50,5396 Hernandez Squares Suite 568,Wilsonchester,Alabama,36395,-46.846583,-66.671780
Antonio Pierce,63,53745 Ferguson Field Apt. 414,Lake Lisa,Colorado,93708,-156.861527,-61.8687315
Antonio Mosley,78,7856 Cooper Divide,Anthonyville,Oregon,74589,35.301885,-87.9165085
Jennifer Kennedy,25,4652 Cohen Junction,East Jessicahaven,Kansas,38449,67.527690,60.076163
Sierra Miller,56,289 Cherry Fall Suite 628,Catherinemouth,Rhode Island,70403,-49.381226,-5.967841
Adam Green,18,3196 James Points,New Steven,Colorado,43028,-176.201220,-1.152479
Dr. David Hodges,74,031 Vanessa Prairie,Dunnfort,Massachusetts,32727,63.123459,64.5175125
Jennifer Fitzgerald,29,25645 Chang Ridge,Port Carla,Massachusetts,85577,-158.034570,52.081244
Nicole Greene,37,3173 Holland Expressway,Grahamland,Rhode Island,55434,48.509349,66.5814625
Peter Jones,30,39049 Stephen Island,Krystalside,New Mexico,80596,45.907650,31.2931955
Alicia Jenkins,28,471 Ana Terrace,West Kellychester,Utah,97756,-104.789911,36.969194
Robert Carney,51,074 Olsen Club,Prestonmouth,Oregon,62104,138.660426,-81.755545
Andrew King,44,823 Kelli Lodge Apt. 328,South Andresview,Wisconsin,45751,117.245183,42.229445
Carlos Dawson,68,02783 Thomas Skyway Apt. 641,North Julieshire,Colorado,49293,125.184009,-43.4485225
Sarah Mata,80,9530 Ashley Point Apt. 293,Hardyside,Montana,15728,174.538861,76.100908
Vincent Jackson,61,52804 Jackson Rapids Suite 965,North Mark,Maine,73334,-62.179698,67.862883
Eileen Cowan,23,7965 Nicole Village,Jesseborough,Missouri,87518,-32.059042,-55.3236965
William Taylor,73,9372 Wendy Canyon,Nathantown,Nebraska,46563,-88.723509,-58.3466385
Derek Wallace,54,643 Michele Dale,Lake Sherry,Kentucky,44560,-27.621660,-48.1145735
Denise Howard,52,18742 Evelyn Road,Edwardborough,Illinois,73983,109.788380,-27.147767
Robert Ryan,70,844 Emily Common,North Holly,Minnesota,85223,36.500295,78.935851
Phillip Thornton,72,99969 Amy Hill Suite 428,Karaside,Nevada,93493,97.458995,-74.197665
Renee Smith,58,482 Erica Knoll,Veronicafort,Iowa,50255,50.892477,-22.790539
Jordan Armstrong,32,1204 Anthony Street,Mclaughlinside,Kansas,32002,-54.171206,27.7949565
Shirley Smith,34,007 Matthew Oval,Kimberlymouth,Maine,22642,-145.170456,10.5321935
Heather Cox,43,13718 Adams Lakes,Theodorehaven,Nebraska,73772,-80.590705,-48.6588135
Ricardo Lee,41,27843 King Courts Apt. 311,Lake Davidberg,Missouri,55990,-71.404607,13.1571705
Andrew Cruz,45,96704 Brittany Drive Suite 266,North William,Iowa,84735,49.890231,70.750267
James Spencer,31,32924 Gregory Street Apt. 734,Brittanystad,Massachusetts,56921,-95.920883,15.999304
Emma Bowers,19,188 Stefanie Burgs Suite 360,Scottside,Colorado,45147,-143.986564,-81.8266635
Jeffrey Dickson,67,67212 Arthur Circles Suite 524,Taylorview,North Carolina,35945,83.166751,-61.909454
Heather Whitaker,48,122 Rachael Throughway Apt. 744,West Matthewmouth,New Hampshire,99635,135.263079,-87.910672
Michelle Harrell,56,089 Ray Track,South Meganport,Virginia,47016,53.742389,-59.119571
Bryan Moreno,39,6427 Stewart Trafficway Suite 009,New Summerton,Indiana,24778,67.027705,27.118557
Thomas Tyler,44,43372 Alyssa Mount Suite 509,East Donald,Rhode Island,76723,178.053605,-59.838537
Lauren Coleman,46,834 Clark Mission,West Antonioton,Utah,70206,-145.692916,-88.983411
James Bowers,37,8027 Kelly Common,North Jessicamouth,Minnesota,05416,-87.456025,66.2776975
Natalie Sutton,46,340 Stephanie Harbor Suite 636,West Scott,Delaware,91772,-60.683429,-41.3914145
Rhonda Hines,63,63773 Robert Views Suite 796,Lake Toniside,Ohio,61419,162.867561,51.6855915
Robert Wilkerson,68,2628 Baldwin Track Suite 577,Allenhaven,California,03184,21.985514,77.413228
Casey Lindsey,20,6413 Jason Locks,Jimenezview,Michigan,44827,-80.373846,-38.0084285
Allison Lewis,20,315 Rogers Key Suite 011,Port Amberborough,Arizona,07452,-0.949092,-43.126476
Lisa Arnold,55,2231 Megan Creek,North Laurafurt,Texas,69950,35.580919,-70.5638505
Timothy Arnold,24,07210 Riddle Mission Suite 412,Port Cristian,Nevada,88347,-87.901736,32.397948
Thomas Carlson,66,262 Ann Plain Suite 050,West Jasontown,Illinois,24208,-80.873202,-0.709901
Malik Farrell,37,82585 Shane Tunnel Suite 352,Paulburgh,South Carolina,62191,-134.694700,-78.2290975
Joseph Martinez,25,8967 Melissa Parks,Thomastown,Hawaii,67887,-40.210121,-65.929544
Courtney Sexton,21,129 Randy Drives Apt. 140,East Barry,Oklahoma,15586,7.732238,13.945319
Craig Williams,40,5541 Huff Manor Suite 789,East Patricia,California,37739,-61.389011,-60.459927
Dorothy Ortega,24,343 Garcia Square Suite 099,Lake Lisa,Alabama,41900,-125.055017,74.9770665
Andrew King,69,49583 Hubbard Vista,Gregoryton,Missouri,02462,-109.298670,32.373078
Lori Mack,56,6334 David Plaza Suite 215,Mayton,Rhode Island,51944,55.787272,-30.1990735
Renee Hunter,60,5922 Hill Fall,Theresashire,Alaska,38378,-11.237455,-14.826651
Joel Bowman,77,2715 Dylan Lodge,Gabrielhaven,Tennessee,57416,-63.010592,-66.5310825
Dylan Hernandez,63,2033 Todd Street Apt. 121,Cindyside,North Dakota,72666,54.789133,17.295905
Christian Gutierrez,33,70504 Connie Spur Suite 374,Craigmouth,Colorado,33949,18.496809,82.981818
Wanda Adams,52,72189 Harris Plaza,Port Joshuamouth,New York,54408,175.914166,-82.764262
Autumn Mercer,19,139 Garcia Lights Apt. 267,Harperburgh,Rhode Island,41116,-95.903296,39.4701545
Sarah Lee,32,19732 Robert Circles,Emilytown,Wyoming,85118,103.862443,-31.0125585
David Chapman,56,30058 Mary Locks Apt. 229,East Michael,Nebraska,05919,-137.152213,-33.393003
Margaret Clark,20,517 Nguyen Well,Garciaville,Kansas,72741,-144.790460,8.570750
Logan Peterson,61,232 Thompson Club,Latoyabury,Indiana,36125,23.198444,-85.893563
Ana Rhodes,76,947 Adam Common,Port Christophermouth,Alaska,24359,174.584513,-72.3299685
Joel Turner,66,13467 Fleming Lock Apt. 948,Lake Zachary,Minnesota,07040,41.135310,19.6169735
Ross Hoffman,68,3121 Morgan Mountain Suite 458,Andrewston,Alaska,72619,78.098648,81.5213035
Katherine Howard,21,14882 Adam Crescent Apt. 529,Gibsonland,New Mexico,46156,167.959083,-62.093967
Gabrielle Fisher,67,5228 Frazier Estates Suite 356,Schmidtburgh,Massachusetts,69532,-156.578417,-43.291376
Elizabeth Mendez,37,756 Jennifer Crest Apt. 871,New Tammy,Oklahoma,58031,175.545490,-73.1019245
Nancy Brown,52,0767 Pennington Station,North Stephanie,Indiana,02995,21.886056,88.6119615
Amber Hansen,37,90230 Miller Shoal,Mccannport,Maine,74785,99.759353,-26.810735
Jerome Mcdonald,49,178 Haley Circle,Thomasland,Kansas,94330,-83.919628,-29.617180
Gabrielle White,34,5357 Justin Forge,Lake Timothy,Illinois,15175,-172.141276,30.403117
Christine Griffin,41,745 Tyler Unions,Amymouth,Delaware,15734,-154.473145,61.9887615
Paul Hansen,65,1510 Lori Vista,Hendrixland,Vermont,98085,-10.260021,-6.7826855
Scott Rich,46,6406 Keller Stream Apt. 626,Wrightfort,New York,96236,-19.950528,79.2916345
Monica Gonzalez,80,2052 Lauren Inlet,Harrisside,Massachusetts,65622,-140.074774,-86.8288545
Katherine Jordan,69,444 Daniel Burg Suite 186,Robertaburgh,Colorado,96015,-18.246482,-26.9072225
Richard Ryan,59,2484 Joseph Underpass,Crosbystad,California,02562,122.781802,29.1664005
Mary Mooney,59,566 Martin Vista,Rayville,Rhode Island,49678,-165.732479,-86.533719
Amanda Washington,60,7941 Jessica Common,East Bill,Mississippi,29462,28.275575,-12.2285185
Dustin Garcia,43,921 Jessica Summit,West Lindsaystad,North Carolina,24640,-3.472248,-82.425937
Ryan Cook,38,16343 Craig Camp,Adamsborough,New Hampshire,27981,42.797679,-70.7858555
Steven Parks,59,438 Dean Forks Suite 471,East Michelleberg,Delaware,27600,167.586224,74.5997015
Matthew Wilson,54,973 Moore Pass,West Margaretchester,Michigan,76502,-129.520310,-7.8548525
Karen Murphy,34,4712 Pittman Court,Lunahaven,West Virginia,36895,66.218462,-6.721050
Richard Tucker,38,7805 Hammond Road,West Feliciatown,South Dakota,30346,-98.856126,-82.085183
Alyssa Wilson,54,50231 Cody Point,North Samuel,Connecticut,17335,-41.365381,62.911016
Gregory Carpenter,18,726 Toni Cape,Rosetown,Utah,24878,53.240953,-17.071573
James Aguilar,72,1513 Erica Highway,North Reneetown,Wyoming,16471,80.878310,48.0261145
Douglas Simpson,22,8079 Timothy Stravenue Suite 094,New Daniel,Indiana,38518,-15.273990,-44.3230145
Donald Moreno,51,24395 Hector Rest,Port Craig,Colorado,99366,70.765932,44.5351755
William Munoz,64,592 Ortiz Turnpike,Lake Raymond,New Hampshire,99296,-163.233508,39.415926
Erin Davis,21,097 Timothy Glen Suite 047,South Nathanview,New Jersey,14066,-3.743850,-69.9025085
